event_id,seq,ts_ms,ax,ay,az,gx,gy,gz
79,0,986905,-2498,-16019,-2876,36,-17,-20
79,1,986910,-2495,-15988,-2827,35,-18,-17
79,2,986915,-2431,-15968,-2796,37,-24,-18
79,3,986920,-2454,-15986,-2740,38,-24,-21
79,4,986925,-2444,-16028,-2751,36,-28,-21
79,5,986930,-2359,-16015,-2740,35,-27,-20
79,6,986935,-2366,-16000,-2717,35,-27,-21
79,7,986940,-2298,-16007,-2703,36,-26,-21
79,8,986945,-2203,-16008,-2646,34,-23,-20
79,9,986950,-2216,-15989,-2576,29,-20,-20
79,10,986955,-2279,-15995,-2574,30,-23,-19
79,11,986960,-2325,-16017,-2536,29,-27,-19
79,12,986965,-2311,-15995,-2478,29,-26,-19
79,13,986970,-2341,-16019,-2361,28,-24,-15
79,14,986975,-2296,-16005,-2373,26,-25,-19
79,15,986980,-2248,-16009,-2404,26,-24,-17
79,16,986985,-2252,-15995,-2401,23,-24,-16
79,17,986990,-2134,-15970,-2367,21,-24,-16
79,18,986995,-2104,-15967,-2344,19,-26,-16
79,19,987000,-2229,-16003,-2374,20,-28,-14
79,20,987005,-2301,-16028,-2384,19,-30,-16
79,21,987010,-2258,-15994,-2416,15,-32,-13
79,22,987015,-2348,-16012,-2414,14,-25,-15
79,23,987020,-2329,-15965,-2341,13,-23,-13
79,24,987025,-2237,-15967,-2384,12,-29,-13
79,25,987030,-2258,-16018,-2412,8,-26,-10
79,26,987035,-2196,-16013,-2380,4,-24,-11
79,27,987040,-2200,-16004,-2354,1,-20,-10
79,28,987045,-2212,-16015,-2454,3,-20,-6
79,29,987050,-2155,-16003,-2596,2,-19,-6
79,30,987055,-2101,-16006,-2629,3,-17,-6
79,31,987060,-2124,-15990,-2594,1,-14,-4
79,32,987065,-2179,-16025,-2628,-1,-15,-4
79,33,987070,-2161,-15976,-2629,-1,-19,-4
79,34,987075,-2241,-15993,-2655,-1,-19,-3
79,35,987080,-2245,-15978,-2678,-3,-13,-5
79,36,987085,-2241,-16002,-2620,-5,-14,-4
79,37,987090,-2272,-15993,-2575,-6,-17,-5
79,38,987095,-2298,-15996,-2612,-8,-16,-4
79,39,987100,-2328,-15989,-2655,-8,-17,-5
79,40,987105,-2289,-15980,-2681,-6,-15,-3
79,41,987110,-2288,-15975,-2669,-6,-14,-2
79,42,987115,-2295,-15997,-2599,-8,-15,-3
79,43,987120,-2291,-16010,-2704,-9,-18,-1
79,44,987125,-2265,-15969,-2712,-9,-18,-3
79,45,987130,-2298,-15966,-2723,-8,-16,-1
79,46,987135,-2298,-16028,-2756,-12,-16,-1
79,47,987140,-2296,-16018,-2765,-9,-17,-1
79,48,987145,-2228,-16002,-2727,-7,-14,-4
79,49,987150,-2211,-15987,-2688,-7,-11,-3
79,50,987155,-2189,-15994,-2661,-8,-13,-1
79,51,987160,-2210,-15989,-2722,-10,-12,-2
79,52,987165,-2235,-16002,-2736,-11,-8,2
79,53,987170,-2225,-15989,-2736,-13,-8,-1
79,54,987175,-2201,-16011,-2743,-11,-9,1
79,55,987180,-2213,-16027,-2723,-8,-9,3
79,56,987185,-2172,-15992,-2756,-8,-8,3
79,57,987190,-2266,-16013,-2692,-9,-7,3
79,58,987195,-2248,-15993,-2693,-10,-6,4
79,59,987200,-2268,-15989,-2720,-12,-6,7
79,60,987205,-2325,-16045,-2717,-15,-8,5
79,61,987210,-2344,-16013,-2783,-13,-7,5
79,62,987215,-2312,-16016,-2843,-8,-10,8
79,63,987220,-2241,-16021,-2859,-12,-5,8
79,64,987225,-2274,-16036,-2880,-10,-6,8
79,65,987230,-2298,-16021,-2991,-8,-10,10
79,66,987235,-2323,-16021,-3016,-10,-8,10
79,67,987240,-2334,-16035,-3072,-9,-9,11
79,68,987245,-2374,-16016,-3014,-11,-7,9
79,69,987250,-2347,-16050,-2992,-7,-5,8
79,70,987255,-2329,-16057,-3023,-3,-7,10
79,71,987260,-2305,-16019,-3111,-5,-4,12
79,72,987265,-2308,-16006,-3161,-5,-1,8
79,73,987270,-2341,-16022,-3097,-1,-1,6
79,74,987275,-2351,-16013,-3011,1,-5,10
79,75,987280,-2421,-16015,-3049,-1,-10,9
79,76,987285,-2445,-16043,-2991,0,-7,7
79,77,987290,-2450,-16023,-2929,1,-3,5
79,78,987295,-2454,-16019,-2919,0,-3,4
79,79,987300,-2481,-15999,-2902,2,-3,3
79,80,987305,-2464,-16047,-2953,4,-9,4
79,81,987310,-2483,-16014,-2950,4,-10,4
79,82,987315,-2517,-15988,-2964,3,-5,3
79,83,987320,-2578,-16042,-2962,4,-8,2
79,84,987325,-2583,-16029,-2949,6,-9,2
79,85,987330,-2559,-16012,-2967,7,-7,-2
79,86,987335,-2567,-16015,-2964,7,-10,-2
79,87,987340,-2552,-16024,-2958,7,-6,0
79,88,987345,-2537,-16030,-2878,7,-4,-3
79,89,987350,-2511,-16025,-2816,8,-8,-3
79,90,987355,-2534,-16048,-2810,8,-9,-2
79,91,987360,-2533,-15990,-2791,9,-6,-4
79,92,987365,-2523,-16033,-2716,10,-6,-6
79,93,987370,-2475,-16013,-2732,10,-9,-5
79,94,987375,-2426,-15998,-2718,9,-9,-5
79,95,987380,-2448,-16010,-2712,11,-10,-7
79,96,987385,-2460,-15970,-2761,10,-10,-9
79,97,987390,-2494,-15993,-2802,8,-7,-9
79,98,987395,-2481,-16035,-2730,6,-10,-11
79,99,987400,-2463,-15999,-2695,7,-10,-8
79,100,987405,-2451,-16031,-2660,8,-11,-10
79,101,987410,-2395,-16039,-2713,6,-10,-9
79,102,987415,-2409,-15988,-2696,5,-8,-14
79,103,987420,-2453,-16021,-2651,8,-9,-12
79,104,987425,-2432,-16010,-2569,5,-12,-11
79,105,987430,-2411,-15968,-2549,6,-13,-10
79,106,987435,-2382,-15999,-2632,6,-9,-11
79,107,987440,-2392,-16001,-2607,4,-5,-12
79,108,987445,-2402,-15989,-2546,3,-5,-14
79,109,987450,-2429,-16004,-2473,1,-10,-14
79,110,987455,-2490,-16007,-2387,0,-12,-13
79,111,987460,-2439,-15982,-2378,-1,-13,-14
79,112,987465,-2365,-15990,-2431,-1,-10,-12
79,113,987470,-2266,-15995,-2483,-3,-5,-14
79,114,987475,-2275,-16006,-2479,-5,-2,-15
79,115,987480,-2242,-15975,-2516,-7,-4,-16
79,116,987485,-2254,-15988,-2561,-8,-6,-14
79,117,987490,-2270,-16036,-2595,-7,-10,-14
79,118,987495,-2268,-16025,-2652,-9,-4,-11
79,119,987500,-2290,-16003,-2694,-8,-2,-12
79,120,987505,-2337,-16022,-2724,-10,-4,-12
79,121,987510,-2309,-16019,-2738,-12,-9,-11
79,122,987515,-2285,-15987,-2789,-11,-8,-12
79,123,987520,-2319,-15999,-2790,-12,-7,-11
79,124,987525,-2320,-16037,-2863,-12,-10,-8
79,125,987530,-2263,-16026,-2934,-12,-7,-8
79,126,987535,-2268,-16034,-2869,-11,-7,-9
79,127,987540,-2229,-15991,-2840,-11,-5,-7
79,128,987545,-2253,-16010,-2828,-11,-9,-8
79,129,987550,-2212,-16029,-2867,-8,-9,-8
79,130,987555,-2226,-15968,-2793,-8,-9,-8
79,131,987560,-2227,-16002,-2794,-9,-5,-8
79,132,987565,-2218,-16027,-2803,-11,-4,-7
79,133,987570,-2189,-16024,-2795,-10,-7,-5
79,134,987575,-2168,-16015,-2850,-7,-9,-2
79,135,987580,-2184,-16022,-2827,-7,-9,-6
79,136,987585,-2194,-16047,-2858,-8,-6,-5
79,137,987590,-2203,-16040,-2869,-10,-3,-4
79,138,987595,-2186,-16014,-2852,-9,-5,-2
79,139,987600,-2208,-16008,-2926,-8,-5,-2
79,140,987605,-2252,-16033,-2961,-8,-2,-4
79,141,987610,-2321,-16021,-2980,-7,-3,-4
79,142,987615,-2345,-16033,-3033,-5,-6,-3
79,143,987620,-2334,-16023,-2985,-5,-8,-1
79,144,987625,-2268,-16026,-2967,-6,-3,1
79,145,987630,-2265,-16033,-3011,-6,-2,-3
79,146,987635,-2257,-16024,-3022,-3,-5,0
79,147,987640,-2264,-15983,-2968,-1,-6,2
79,148,987645,-2290,-16024,-2905,-1,-7,0
79,149,987650,-2281,-16040,-2882,-2,-8,1
79,150,987655,-2317,-16034,-2952,-2,-9,2
79,151,987660,-2308,-16031,-2930,-1,-9,3
79,152,987665,-2320,-16015,-2930,1,-5,4
79,153,987670,-2361,-16013,-2851,-1,-4,4
79,154,987675,-2393,-16032,-2960,1,-10,5
79,155,987680,-2335,-16027,-3007,3,-12,3
79,156,987685,-2315,-15979,-2988,4,-7,4
79,157,987690,-2313,-15994,-2921,5,-5,3
79,158,987695,-2282,-15999,-2910,5,-4,0
79,159,987700,-2295,-16016,-2879,4,-4,-3
79,160,987705,-2312,-16008,-2931,4,-6,2
79,161,987710,-2304,-16001,-2924,3,-5,1
79,162,987715,-2342,-15981,-2923,4,0,-1
79,163,987720,-2387,-15998,-2883,9,-1,1
79,164,987725,-2441,-16000,-2927,10,-5,-1
79,165,987730,-2447,-15999,-2956,8,-5,-3
79,166,987735,-2471,-16024,-2901,6,-9,-1
79,167,987740,-2485,-15996,-2805,7,-6,-3
79,168,987745,-2457,-16023,-2786,7,-7,-3
79,169,987750,-2455,-16040,-2842,9,-7,-4
79,170,987755,-2461,-16022,-2846,11,-4,-1
79,171,987760,-2429,-16029,-2843,8,-7,-2
79,172,987765,-2360,-16011,-2834,7,-7,-5
79,173,987770,-2406,-16041,-2847,9,-6,-3
79,174,987775,-2448,-16028,-2835,11,-7,-3
79,175,987780,-2454,-16026,-2818,9,-6,-4
79,176,987785,-2523,-16012,-2800,7,-10,-4
79,177,987790,-2348,-16050,-2930,9,-12,-3
79,178,987795,-2352,-16023,-2849,11,-4,-4
79,179,987800,-2375,-16022,-2884,10,-3,-4
79,180,987805,-2422,-16002,-2853,9,-12,-3
79,181,987810,-2399,-16015,-2814,10,-13,0
79,182,987815,-2403,-16043,-2788,9,-13,-2
79,183,987820,-2396,-15984,-2759,8,-11,-2
79,184,987825,-2252,-15981,-2786,9,-10,-3
79,185,987830,-2421,-16021,-2768,7,-11,-3
79,186,987835,-2455,-16017,-2831,9,-11,-4
79,187,987840,-2493,-16023,-2791,8,-12,-4
79,188,987845,-2459,-16039,-2720,5,-9,-5
79,189,987850,-2412,-15992,-2705,7,-8,-3
79,190,987855,-2416,-15983,-2677,9,-10,-4
79,191,987860,-2386,-16026,-2630,9,-9,-3
79,192,987865,-2341,-16013,-2582,4,-7,-4
79,193,987870,-2281,-16006,-2538,6,-8,-2
79,194,987875,-2246,-15994,-2592,9,-8,-4
79,195,987880,-2227,-16016,-2616,6,-4,-4
79,196,987885,-2247,-16028,-2651,3,-6,-4
79,197,987890,-2331,-16044,-2663,5,-9,0
79,198,987895,-2380,-16037,-2671,4,-10,-2
79,199,987900,-2454,-16016,-2791,1,-9,-4
79,200,987905,-2502,-16078,-2850,2,-9,-1
79,201,987910,-2670,-16018,-2850,0,-5,-2
79,202,987915,-2507,-16035,-2827,1,-10,-6
79,203,987920,-2501,-16043,-2915,2,-9,-5
79,204,987925,-2615,-16047,-2961,3,-13,-3
79,205,987930,-2628,-16082,-3019,4,-22,-2
79,206,987935,-2535,-15999,-3032,1,-24,-2
79,207,987940,-2337,-16040,-3138,5,-17,-4
79,208,987945,-2303,-16026,-3119,9,-4,-4
79,209,987950,-2455,-16008,-3234,10,-13,-4
79,210,987955,-2448,-16004,-3271,11,-26,-4
79,211,987960,-2445,-16062,-3147,11,-24,-1
79,212,987965,-2395,-16022,-2968,11,-14,-5
79,213,987970,-2362,-16000,-2937,13,-7,-10
79,214,987975,-2261,-16024,-3096,15,-6,-8
79,215,987980,-2105,-16082,-3100,17,3,-5
79,216,987985,-2092,-15996,-2851,15,16,-7
79,217,987990,-2274,-15985,-2601,14,12,-9
79,218,987995,-2396,-16049,-2732,14,-9,-9
79,219,988000,-2354,-16043,-2690,16,-8,-7
79,220,988005,-2325,-15960,-2679,16,1,0
79,221,988010,-2108,-15979,-2748,21,17,-4
79,222,988015,-2086,-16012,-2786,18,27,-8
79,223,988020,-2289,-15990,-2511,14,22,-7
79,224,988025,-2224,-15975,-2558,12,5,-9
79,225,988030,-2032,-15950,-2536,12,20,-5
79,226,988035,-1973,-15941,-2406,8,35,-6
79,227,988040,-2122,-15975,-2196,9,30,-9
79,228,988045,-2225,-15970,-2166,7,10,-11
79,229,988050,-2026,-16070,-2595,6,4,-4
79,230,988055,-1877,-15943,-2444,6,26,-4
79,231,988060,-1906,-15928,-2224,-2,27,-5
79,232,988065,-1991,-15978,-2321,2,6,-5
79,233,988070,-2084,-16020,-2673,3,-3,-3
79,234,988075,-2148,-16003,-2726,0,13,-2
79,235,988080,-2108,-15976,-2555,-2,28,-2
79,236,988085,-2100,-15999,-2481,-2,18,-3
79,237,988090,-2150,-16028,-2608,-3,2,-3
79,238,988095,-2215,-16019,-2714,-3,-6,0
79,239,988100,-2199,-16015,-2639,-4,2,2
79,240,988105,-2153,-16012,-2634,-2,-1,4
79,241,988110,-2029,-15997,-2769,-3,-3,6
79,242,988115,-2064,-15997,-2808,-2,2,4
79,243,988120,-2137,-16004,-2785,-2,6,5
79,244,988125,-2192,-15971,-2708,-4,7,3
79,245,988130,-2091,-15982,-2677,-5,9,2
79,246,988135,-2123,-15979,-2745,-4,17,3
79,247,988140,-2225,-16013,-2694,-10,24,1
79,248,988145,-2321,-16008,-2591,-8,19,2
79,249,988150,-2321,-16006,-2592,-4,16,4
79,250,988155,-2356,-16035,-2667,-6,23,3
79,251,988160,-2423,-16018,-2750,-8,28,5
79,252,988165,-2527,-16014,-2698,-6,32,3
79,253,988170,-2570,-15996,-2671,-4,30,1
79,254,988175,-2620,-16011,-2739,-7,30,2
79,255,988180,-2623,-16039,-2720,-7,26,4
79,256,988185,-2607,-16044,-2756,-7,13,3
79,257,988190,-2514,-16034,-2839,-8,2,6
79,258,988195,-2552,-16026,-2908,-9,-5,5
79,259,988200,-2624,-16005,-2992,-4,-7,2
79,260,988205,-2595,-16031,-3013,-6,-6,3
79,261,988210,-2471,-16023,-3079,-8,-7,5
79,262,988215,-2384,-16007,-2993,-6,-6,6
79,263,988220,-2373,-16045,-2994,-4,-3,3
79,264,988225,-2471,-16032,-3012,-2,-7,3
79,265,988230,-2538,-16035,-3088,-3,-10,4
79,266,988235,-2510,-16017,-3068,-5,-11,5
79,267,988240,-2529,-16018,-2960,-4,-3,3
79,268,988245,-2534,-16022,-2872,-1,-4,5
79,269,988250,-2479,-16031,-2778,1,-6,6
79,270,988255,-2501,-16023,-2848,2,-8,5
79,271,988260,-2427,-16003,-2838,2,-6,5
79,272,988265,-2427,-16002,-2735,-1,-2,3
79,273,988270,-2403,-16045,-2678,1,-5,2
79,274,988275,-2362,-16015,-2613,0,-5,2
79,275,988280,-2432,-16008,-2558,-1,-8,2
79,276,988285,-2511,-16006,-2567,-2,-8,1
79,277,988290,-2425,-16004,-2550,-3,-6,2
79,278,988295,-2392,-16011,-2575,-1,-7,-1
79,279,988300,-2365,-15996,-2633,-4,-5,1
79,280,988305,-2383,-15979,-2639,-6,-5,0
79,281,988310,-2356,-16000,-2658,-6,-8,0
79,282,988315,-2258,-15977,-2723,-6,-6,1
79,283,988320,-2186,-15979,-2744,-5,-3,0
79,284,988325,-2196,-15977,-2697,-9,-1,-1
79,285,988330,-2215,-16050,-2680,-10,-5,1
79,286,988335,-2310,-16032,-2621,-11,-9,2
79,287,988340,-2396,-15968,-2723,-8,-9,1
79,288,988345,-2432,-16087,-2890,-9,-5,1
79,289,988350,-2501,-16042,-2927,-10,-2,0
79,290,988355,-2512,-16028,-2883,-12,-3,1
79,291,988360,-2550,-16016,-2852,-11,-5,6
79,292,988365,-2561,-16032,-2874,-10,-3,5
79,293,988370,-2593,-16055,-2878,-7,-4,3
79,294,988375,-2556,-16096,-2843,-10,-4,3
79,295,988380,-2488,-16082,-2878,-9,-9,4
79,296,988385,-2484,-16077,-2861,-9,-8,3
79,297,988390,-2481,-16052,-2877,-10,-8,0
79,298,988395,-2456,-16081,-2904,-7,-12,3
79,299,988400,-2487,-16055,-2890,-6,-8,-2
79,300,988405,-2522,-16048,-3005,-4,-5,0
79,301,988410,-2552,-16007,-2992,-5,3,0
79,302,988415,-2487,-16030,-2873,-5,9,-2
79,303,988420,-2482,-16012,-2807,-4,9,-1
79,304,988425,-2388,-15962,-2812,-4,9,-6
79,305,988430,-2333,-15959,-2824,-7,11,-5
79,306,988435,-2346,-15966,-2746,-5,8,-5
79,307,988440,-2440,-16024,-2732,-4,-5,-5
79,308,988445,-2402,-16016,-2671,-5,-17,-4
79,309,988450,-2388,-16051,-2831,-4,-22,-1
79,310,988455,-2415,-16090,-2986,-1,-16,-3
79,311,988460,-2348,-16023,-2993,-3,-10,-6
79,312,988465,-2411,-15955,-2955,-3,-11,-5
79,313,988470,-2301,-15975,-3004,-1,-20,-2
79,314,988475,-2334,-16020,-3148,-2,-17,0
79,315,988480,-2360,-16063,-3127,2,-7,-2
79,316,988485,-2440,-16128,-3022,1,-3,-3
79,317,988490,-2597,-16144,-3026,0,-11,-1
79,318,988495,-2615,-16098,-3010,3,-13,-2
79,319,988500,-2737,-16081,-3039,10,-1,-2
79,320,988505,-2815,-16082,-2956,12,0,-4
79,321,988510,-2848,-16020,-2919,15,-10,-3
79,322,988515,-2854,-16015,-2885,19,-14,-2
79,323,988520,-2892,-15983,-2855,21,-12,-3
79,324,988525,-2840,-15951,-2835,22,-15,-4
79,325,988530,-2802,-15936,-2732,25,-24,-6
79,326,988535,-2756,-15912,-2843,28,-37,-4
79,327,988540,-2740,-15924,-2785,27,-40,-3
79,328,988545,-2719,-15926,-2716,29,-37,-2
79,329,988550,-2726,-15998,-2827,34,-31,0
79,330,988555,-2809,-15981,-2838,33,-16,-3
79,331,988560,-2932,-15891,-2830,28,5,-2
79,332,988565,-2945,-15915,-2892,30,32,-5
79,333,988570,-3049,-15983,-3002,29,57,-4
79,334,988575,-3116,-16037,-2974,29,79,-3
79,335,988580,-3092,-16066,-2737,29,93,-5
79,336,988585,-3250,-16059,-2755,31,105,-4
79,337,988590,-3323,-16115,-2852,34,126,-3
79,338,988595,-3290,-16078,-2780,35,149,-2
79,339,988600,-3149,-16067,-2633,33,161,1
79,340,988605,-3085,-16089,-2605,36,174,0
79,341,988610,-3121,-16092,-2792,41,201,2
79,342,988615,-3103,-16042,-2764,42,239,5
79,343,988620,-3120,-15959,-2442,41,278,6
79,344,988625,-3060,-15844,-2143,41,295,10
79,345,988630,-3130,-15842,-1994,44,303,15
79,346,988635,-3134,-15939,-1900,51,310,20
79,347,988640,-3157,-15949,-1736,53,308,32
79,348,988645,-3034,-15890,-1522,55,291,41
79,349,988650,-2905,-15821,-1537,62,259,52
79,350,988655,-2959,-15736,-1465,65,224,63
79,351,988660,-3043,-15772,-1527,69,189,76
79,352,988665,-2925,-15862,-1679,78,159,90
79,353,988670,-2869,-15848,-1690,82,132,97
79,354,988675,-2967,-15881,-1665,87,104,111
79,355,988680,-3097,-15919,-1781,92,77,123
79,356,988685,-3178,-15949,-1886,97,57,137
79,357,988690,-3337,-15926,-1828,102,42,148
79,358,988695,-3317,-15951,-1940,113,21,160
79,359,988700,-3251,-16028,-2150,122,14,174
79,360,988705,-3257,-16034,-2306,128,24,185
79,361,988710,-3377,-15976,-2210,134,39,191
79,362,988715,-3481,-15948,-2246,142,48,202
79,363,988720,-3573,-16075,-2294,150,65,211
79,364,988725,-3601,-16184,-2380,157,94,224
79,365,988730,-3539,-16232,-2393,164,127,232
79,366,988735,-3431,-16275,-2246,172,155,243
79,367,988740,-3507,-16267,-2180,178,168,251
79,368,988745,-3602,-16192,-2139,183,170,256
79,369,988750,-3640,-16161,-2216,190,170,269
79,370,988755,-3578,-16096,-2220,196,168,281
79,371,988760,-3676,-16078,-2099,203,167,287
79,372,988765,-3568,-16031,-2086,212,148,295
79,373,988770,-3648,-16057,-1964,215,130,308
79,374,988775,-3720,-15893,-1914,222,114,317
79,375,988780,-3475,-15859,-2131,230,99,328
79,376,988785,-3519,-15779,-2114,233,99,338
79,377,988790,-3616,-15691,-1985,238,76,344
79,378,988795,-3554,-15741,-2166,244,43,356
79,379,988800,-3608,-15724,-2210,248,41,363
79,380,988805,-3710,-15813,-2207,253,61,372
79,381,988810,-3775,-15846,-2179,255,84,378
79,382,988815,-3817,-15774,-2246,256,105,384
79,383,988820,-3896,-15711,-2392,259,139,389
79,384,988825,-3938,-15671,-2376,262,183,394
79,385,988830,-4000,-15672,-2232,264,222,398
79,386,988835,-4013,-15700,-2171,271,246,401
79,387,988840,-3926,-15712,-2163,272,262,409
79,388,988845,-3913,-15780,-1902,267,285,411
79,389,988850,-4052,-15766,-1691,266,301,411
79,390,988855,-4094,-15805,-1662,270,303,415
79,391,988860,-4118,-15766,-1783,269,309,419
79,392,988865,-4260,-15744,-1828,266,339,421
79,393,988870,-4284,-15757,-1866,267,344,426
79,394,988875,-4218,-15786,-1916,262,350,428
79,395,988880,-4204,-15863,-1852,259,361,428
79,396,988885,-4188,-15937,-1742,262,367,430
79,397,988890,-4248,-16003,-1733,260,372,428
79,398,988895,-4254,-16012,-1762,258,371,431
79,399,988900,-4247,-15991,-1767,254,382,430
79,400,988905,-4200,-15879,-1839,252,391,433
79,401,988910,-4099,-15748,-1892,251,391,438
79,402,988915,-4156,-15684,-1852,248,385,439
79,403,988920,-4117,-15773,-1898,247,370,441
79,404,988925,-4065,-15833,-1990,246,358,444
79,405,988930,-4122,-15901,-1881,244,351,443
79,406,988935,-4194,-15920,-1802,238,334,445
79,407,988940,-4248,-15898,-1808,240,310,446
79,408,988945,-4368,-15886,-2003,238,295,445
79,409,988950,-4466,-15898,-2081,235,286,444
79,410,988955,-4538,-15834,-1934,233,275,443
79,411,988960,-4613,-15851,-1907,233,254,445
79,412,988965,-4622,-15913,-1907,230,243,447
79,413,988970,-4665,-15901,-1875,226,240,442
79,414,988975,-4664,-15874,-1685,224,240,438
79,415,988980,-4690,-15947,-1652,219,230,437
79,416,988985,-4764,-15903,-1710,217,216,436
79,417,988990,-4842,-15948,-1677,210,209,433
79,418,988995,-4790,-15915,-1742,207,199,430
79,419,989000,-4624,-15889,-1885,204,190,432
79,420,989005,-4513,-15943,-1992,202,188,429
79,421,989010,-4507,-16055,-2059,199,181,422
79,422,989015,-4575,-16120,-2106,195,173,419
79,423,989020,-4616,-16207,-2156,189,174,415
79,424,989025,-4641,-16228,-2260,186,190,414
79,425,989030,-4578,-16133,-2359,186,218,415
79,426,989035,-4436,-16031,-2480,182,255,409
79,427,989040,-4364,-16100,-2545,179,284,404
79,428,989045,-4455,-16191,-2556,177,302,403
79,429,989050,-4529,-16123,-2531,172,311,399
79,430,989055,-4641,-16124,-2467,167,319,394
79,431,989060,-4673,-16146,-2392,164,336,393
79,432,989065,-4571,-16131,-2336,161,349,391
79,433,989070,-4537,-16088,-2189,161,354,390
79,434,989075,-4545,-16060,-2068,156,351,384
79,435,989080,-4661,-16054,-2087,151,340,382
79,436,989085,-4726,-16065,-2062,148,341,380
79,437,989090,-4618,-16031,-2032,142,349,380
79,438,989095,-4513,-15972,-1979,135,362,377
79,439,989100,-4401,-15971,-1836,128,367,375
79,440,989105,-4393,-15937,-1776,125,365,377
79,441,989110,-4303,-15896,-1840,124,364,374
79,442,989115,-4241,-15841,-1944,117,373,371
79,443,989120,-4198,-15811,-1935,109,388,372
79,444,989125,-4231,-15742,-1891,102,398,371
79,445,989130,-4264,-15643,-1829,95,400,367
79,446,989135,-4314,-15544,-1787,90,403,364
79,447,989140,-4381,-15569,-1767,84,414,366
79,448,989145,-4496,-15599,-1567,78,414,366
79,449,989150,-4477,-15570,-1549,73,400,365
79,450,989155,-4470,-15573,-1674,67,388,363
79,451,989160,-4569,-15527,-1709,64,379,361
79,452,989165,-4629,-15417,-1748,56,360,362
79,453,989170,-4581,-15308,-1699,49,339,363
79,454,989175,-4506,-15274,-1827,49,319,358
79,455,989180,-4464,-15319,-1999,48,307,359
79,456,989185,-4510,-15453,-2005,46,301,358
79,457,989190,-4580,-15491,-1969,41,284,355
79,458,989195,-4663,-15472,-1855,39,268,352
79,459,989200,-4734,-15485,-1861,37,253,351
79,460,989205,-4697,-15499,-1788,36,247,351
79,461,989210,-4638,-15529,-1763,35,236,347
79,462,989215,-4646,-15564,-1810,32,214,345
79,463,989220,-4709,-15559,-1932,30,189,343
79,464,989225,-4833,-15574,-1990,29,178,339
79,465,989230,-4918,-15601,-2038,28,174,334
79,466,989235,-5051,-15437,-1993,27,183,327
79,467,989240,-5098,-15380,-1957,27,186,324
79,468,989245,-4986,-15429,-1955,27,187,321
79,469,989250,-4794,-15399,-1894,29,183,319
79,470,989255,-4658,-15435,-1991,31,177,313
79,471,989260,-4647,-15450,-2115,29,167,308
79,472,989265,-4677,-15438,-2217,28,161,304
79,473,989270,-4647,-15432,-2131,27,156,303
79,474,989275,-4688,-15484,-1937,27,151,301
79,475,989280,-4682,-15548,-1862,31,136,299
79,476,989285,-4708,-15633,-1894,36,116,299
79,477,989290,-4786,-15667,-1951,36,92,291
79,478,989295,-4898,-15740,-1892,37,66,289
79,479,989300,-5012,-15771,-1861,40,39,290
79,480,989305,-4946,-15758,-1949,43,23,286
79,481,989310,-4922,-15742,-2078,44,17,280
79,482,989315,-4832,-15697,-2311,46,22,277
79,483,989320,-4613,-15600,-2459,49,24,277
79,484,989325,-4477,-15487,-2404,48,23,270
79,485,989330,-4506,-15448,-2379,51,15,265
79,486,989335,-4566,-15388,-2359,55,14,261
79,487,989340,-4612,-15289,-2356,56,25,256
79,488,989345,-4584,-15241,-2248,59,40,252
79,489,989350,-4565,-15211,-2163,60,50,250
79,490,989355,-4526,-15295,-2063,62,55,247
79,491,989360,-4459,-15303,-2072,62,55,241
79,492,989365,-4452,-15252,-2073,66,49,239
79,493,989370,-4509,-15164,-2054,66,41,234
79,494,989375,-4511,-15161,-2047,69,32,228
79,495,989380,-4441,-15095,-1972,68,22,222
79,496,989385,-4266,-15092,-2029,67,10,223
79,497,989390,-4241,-15204,-2176,72,0,218
79,498,989395,-4318,-15289,-2281,74,-10,214
79,499,989400,-4378,-15354,-2399,71,-13,208
79,500,989405,-4353,-15339,-2429,71,0,199
79,501,989410,-4328,-15301,-2369,73,24,193
79,502,989415,-4259,-15232,-2251,70,56,186
79,503,989420,-4253,-15197,-2177,72,78,178
79,504,989425,-4021,-15171,-2155,69,97,172
79,505,989430,-3807,-15043,-2051,65,121,166
79,506,989435,-3780,-14963,-1883,67,138,160
79,507,989440,-3810,-14956,-1749,69,139,154
79,508,989445,-3859,-14917,-1666,62,126,147
79,509,989450,-3856,-14951,-1684,56,117,142
79,510,989455,-3809,-15052,-1696,56,110,140
79,511,989460,-3753,-15056,-1648,57,92,134
79,512,989465,-3794,-15034,-1703,54,58,126
79,513,989470,-3754,-15118,-1871,54,20,122
79,514,989475,-3807,-15234,-1947,50,-10,113
79,515,989480,-3772,-15267,-2030,47,-22,103
79,516,989485,-3712,-15199,-2204,43,-24,97
79,517,989490,-3831,-15157,-2388,45,-14,85
79,518,989495,-3914,-15251,-2544,43,3,74
79,519,989500,-3917,-15378,-2474,39,13,65
79,520,989505,-3772,-15503,-2266,34,13,54
79,521,989510,-3827,-15598,-2254,37,4,39
79,522,989515,-3996,-15781,-2224,40,-14,23
79,523,989520,-4091,-15825,-2205,36,-36,12
79,524,989525,-4055,-15806,-2061,33,-57,2
79,525,989530,-3993,-15827,-1961,30,-84,-14
79,526,989535,-3912,-15869,-2068,30,-114,-30
79,527,989540,-3829,-15765,-2348,28,-128,-45
79,528,989545,-3813,-15746,-2394,23,-126,-62
79,529,989550,-3890,-15695,-2153,16,-120,-82
79,530,989555,-3868,-15691,-2019,10,-113,-97
79,531,989560,-3849,-15714,-2049,10,-94,-114
79,532,989565,-3826,-15769,-2148,6,-60,-131
79,533,989570,-3743,-15769,-2253,1,-28,-153
79,534,989575,-3750,-15853,-2311,-10,-11,-176
79,535,989580,-3805,-15937,-2387,-15,-14,-195
79,536,989585,-3996,-15965,-2381,-20,-18,-216
79,537,989590,-4036,-15972,-2351,-25,-30,-236
79,538,989595,-4022,-15929,-2140,-30,-40,-257
79,539,989600,-3674,-15907,-2129,-37,-88,-296
79,540,989605,-3596,-15851,-2184,-41,-126,-315
79,541,989610,-3599,-15828,-2116,-47,-171,-335
79,542,989615,-3617,-15938,-2091,-55,-219,-356
79,543,989620,-3492,-16010,-2311,-59,-249,-375
79,544,989625,-3344,-16073,-2503,-66,-252,-398
79,545,989630,-3389,-16133,-2571,-75,-250,-424
79,546,989635,-3364,-16192,-2673,-76,-251,-442
79,547,989640,-3289,-16385,-2702,-82,-245,-462
79,548,989645,-3124,-16586,-2501,-93,-222,-487
79,549,989650,-2769,-16473,-2332,-100,-194,-508
79,550,989655,-2422,-16289,-2358,-107,-171,-531
79,551,989660,-2247,-16229,-2303,-116,-169,-554
79,552,989665,-2119,-16266,-2176,-125,-200,-571
79,553,989670,-1939,-16331,-2107,-135,-250,-586
79,554,989675,-1836,-16312,-1862,-144,-315,-605
79,555,989680,-2005,-16311,-1736,-148,-402,-620
79,556,989685,-2004,-16274,-1743,-156,-506,-637
79,557,989690,-1834,-16334,-1846,-165,-613,-646
79,558,989695,-1517,-16533,-2144,-171,-704,-657
79,559,989700,-1379,-16706,-2558,-179,-776,-674
79,560,989705,-1369,-16825,-2820,-184,-848,-691
79,561,989710,-1381,-16820,-2993,-196,-927,-706
79,562,989715,-1477,-16718,-3221,-208,-979,-721
79,563,989720,-1553,-16754,-3745,-216,-977,-740
79,564,989725,-1635,-16846,-3932,-223,-917,-764
79,565,989730,-1384,-17008,-3821,-238,-829,-788
79,566,989735,-1060,-17256,-3657,-252,-730,-811
79,567,989740,-699,-17536,-3381,-262,-624,-840
79,568,989745,-387,-17758,-2802,-277,-520,-872
79,569,989750,-240,-17909,-2087,-294,-451,-896
79,570,989755,-343,-18250,-1426,-313,-452,-918
79,571,989760,-231,-18458,-1040,-328,-519,-938
79,572,989765,144,-18537,-1103,-343,-601,-955
79,573,989770,387,-18526,-1006,-364,-687,-976
79,574,989775,337,-18609,-776,-380,-810,-997
79,575,989780,399,-18790,-705,-397,-990,-1010
79,576,989785,673,-19072,-1063,-416,-1174,-1020
79,577,989790,877,-19188,-1257,-437,-1298,-1043
79,578,989795,539,-19116,-1220,-459,-1397,-1068
79,579,989800,-182,-19020,-1170,-479,-1530,-1091
79,580,989805,-478,-19151,-2473,-496,-1709,-1106
79,581,989810,-929,-19658,-3320,-522,-1736,-1134
79,582,989815,-1337,-19952,-2990,-546,-1668,-1177
79,583,989820,-1420,-20322,-3259,-559,-1633,-1215
79,584,989825,-2032,-20642,-3498,-580,-1580,-1263
79,585,989830,-2244,-20486,-3341,-607,-1476,-1306
79,586,989835,-2274,-19491,-2390,-643,-1301,-1355
79,587,989840,-2390,-18338,-985,-674,-1134,-1411
79,588,989845,-2406,-17249,110,-699,-1044,-1453
79,589,989850,-1907,-16429,448,-726,-999,-1486
79,590,989855,-1359,-16051,611,-750,-951,-1519
79,591,989860,-1038,-15782,934,-772,-918,-1550
79,592,989865,-1176,-15450,1005,-796,-909,-1581
79,593,989870,-946,-15635,235,-814,-916,-1605
79,594,989875,-628,-16035,-65,-836,-863,-1635
79,595,989880,-545,-16416,315,-856,-824,-1662
79,596,989885,-1094,-16311,609,-872,-865,-1696
79,597,989890,-1987,-16100,105,-873,-1013,-1710
79,598,989895,-2690,-16030,-765,-876,-1193,-1715
79,599,989900,713,-8468,-2962,-886,-1329,-1717
79,600,989905,-12632,-1318,3357,-839,-1356,-1730
79,601,989910,-20611,5202,17296,-823,-173,-1856
79,602,989915,15191,-14600,-26675,-427,-2934,-13
79,603,989920,11178,-23457,-5089,-539,623,-1334
79,604,989925,-11868,-12073,15440,-807,533,-2131
79,605,989930,-8476,-14869,8439,-568,-3333,-998
79,606,989935,-8301,-15102,-13966,-493,-4037,-877
79,607,989940,-9712,-18061,-17898,-612,-1411,-1320
79,608,989945,-6785,-16185,-6344,-654,516,-1392
79,609,989950,-7023,-14733,7436,-658,771,-1449
79,610,989955,-5557,-15055,1459,-486,-617,-1389
79,611,989960,-3707,-18467,-10876,-400,-1029,-1195
79,612,989965,-5464,-15815,473,-444,1030,-1474
79,613,989970,-4835,-16621,5211,-444,493,-1400
79,614,989975,-3254,-16779,-248,-365,-676,-1280
79,615,989980,-3240,-18090,-4188,-345,-988,-1208
79,616,989985,-5078,-17665,-980,-341,-474,-1288
79,617,989990,-5957,-17693,2182,-278,-265,-1254
79,618,989995,-5599,-17514,2607,-247,-595,-1189
79,619,990000,-4733,-17538,-432,-226,-1058,-1109
79,620,990005,-4895,-17341,-1069,-237,-1102,-1082
79,621,990010,-5397,-16788,170,-222,-904,-1075
79,622,990015,-5447,-16547,448,-183,-776,-1028
79,623,990020,-4704,-16110,-1094,-156,-734,-985
79,624,990025,-4386,-15877,-2290,-143,-600,-947
79,625,990030,-4172,-15519,-1722,-131,-347,-920
79,626,990035,-3663,-15463,-678,-115,-145,-883
79,627,990040,-2792,-15573,-197,-97,-101,-834
79,628,990045,-1991,-15778,-227,-82,-192,-779
79,629,990050,-1631,-15810,-386,-69,-327,-729
79,630,990055,-1770,-15670,-378,-55,-395,-683
79,631,990060,-2059,-15444,-832,-38,-417,-631
79,632,990065,-2363,-15206,-1178,-19,-419,-581
79,633,990070,-2441,-15034,-1255,-12,-429,-525
79,634,990075,-2363,-14828,-931,0,-430,-471
79,635,990080,-2356,-14874,-798,15,-417,-418
79,636,990085,-2450,-14811,-1220,28,-378,-365
79,637,990090,-2407,-14647,-1565,37,-309,-309
79,638,990095,-2304,-14584,-1484,43,-227,-258
79,639,990100,-2063,-14787,-1545,50,-162,-205
79,640,990105,-1561,-15172,-1692,63,-89,-152
79,641,990110,-1143,-15324,-1456,68,35,-108
79,642,990115,-1028,-15220,-960,68,147,-69
79,643,990120,-1171,-15186,-522,71,198,-22
79,644,990125,-1105,-15253,-347,73,210,29
79,645,990130,-927,-15403,-469,76,223,77
79,646,990135,-914,-15705,-405,76,230,120
79,647,990140,-1159,-15944,-206,78,179,162
79,648,990145,-1288,-16100,-315,72,58,209
79,649,990150,-1444,-16202,-825,71,-75,261
79,650,990155,-1784,-16363,-1788,78,-162,300
79,651,990160,-2478,-16442,-2161,77,-167,333
79,652,990165,-2648,-16366,-2729,83,-168,369
79,653,990170,-2580,-16211,-3744,93,-125,406
79,654,990175,-2496,-16120,-4421,99,-12,428
79,655,990180,-2306,-15987,-4543,104,134,449
79,656,990185,-1938,-15921,-4593,111,265,468
79,657,990190,-1718,-15907,-4752,117,378,483
79,658,990195,-1638,-15772,-4757,118,485,498
79,659,990200,-1746,-15701,-4258,116,587,514
79,660,990205,-1848,-15715,-3812,123,660,526
79,661,990210,-1923,-15893,-3619,130,708,541
79,662,990215,-2330,-16060,-3294,133,728,551
79,663,990220,-2436,-15952,-2815,131,704,563
79,664,990225,-2346,-15824,-2598,135,638,581
79,665,990230,-2290,-15860,-2704,140,560,590
79,666,990235,-2282,-15960,-2801,144,497,597
79,667,990240,-2443,-15903,-2687,141,442,603
79,668,990245,-2687,-15800,-2753,137,395,606
79,669,990250,-2829,-15784,-2930,135,361,610
79,670,990255,-2537,-15760,-2906,132,342,612
79,671,990260,-2143,-15724,-2919,129,332,612
79,672,990265,-2279,-15699,-3150,133,321,602
79,673,990270,-2672,-15807,-3794,132,314,591
79,674,990275,-2780,-15966,-4171,125,333,587
79,675,990280,-2556,-16115,-3955,121,387,582
79,676,990285,-2155,-16346,-3606,119,452,570
79,677,990290,-1920,-16594,-3490,118,511,554
79,678,990295,-1726,-16669,-3488,115,553,541
79,679,990300,-1738,-16631,-3197,106,574,527
79,680,990305,-1710,-16693,-2831,101,562,517
79,681,990310,-1417,-16879,-2688,96,547,511
79,682,990315,-1084,-16997,-2676,93,543,501
79,683,990320,-976,-17025,-2507,88,536,492
79,684,990325,-1183,-17069,-2144,79,497,483
79,685,990330,-1303,-16854,-2140,73,428,474
79,686,990335,-1254,-16649,-2819,63,369,459
79,687,990340,-1339,-16774,-2586,54,374,445
79,688,990345,-1226,-16879,-2305,45,359,434
79,689,990350,-968,-16999,-2224,38,348,423
79,690,990355,-731,-17182,-2165,37,339,411
79,691,990360,-607,-17241,-2039,29,339,398
79,692,990365,-583,-17120,-2084,19,311,384
79,693,990370,-519,-17005,-2178,15,255,374
79,694,990375,-414,-16945,-2351,11,202,367
79,695,990380,-406,-16809,-2458,3,180,357
79,696,990385,-485,-16797,-2533,1,177,349
79,697,990390,-473,-16713,-2535,-4,152,343
79,698,990395,-414,-16645,-2562,-9,117,338
79,699,990400,-411,-16715,-2605,-12,97,330
79,700,990405,-426,-16741,-2898,-10,97,318
79,701,990410,-430,-16768,-3019,-18,112,307
79,702,990415,-371,-16706,-2723,-19,117,299
79,703,990420,-360,-16582,-2561,-23,95,292
79,704,990425,-141,-16486,-2679,-22,77,281
79,705,990430,-167,-16517,-2732,-24,100,274
79,706,990435,-164,-16467,-2596,-26,128,267
79,707,990440,-183,-16332,-2590,-30,132,258
79,708,990445,-182,-16308,-2986,-29,130,252
79,709,990450,-211,-16414,-3339,-24,148,243
79,710,990455,-356,-16526,-3528,-24,178,238
79,711,990460,-309,-16561,-3624,-25,216,231
79,712,990465,-90,-16576,-3795,-22,257,226
79,713,990470,-3,-16524,-3863,-21,308,216
79,714,990475,-183,-16475,-3766,-16,351,208
79,715,990480,-344,-16426,-3845,-9,374,204
79,716,990485,-323,-16493,-4104,-4,394,201
79,717,990490,-224,-16561,-4170,2,429,194
79,718,990495,-234,-16598,-3826,7,464,186
79,719,990500,-238,-16530,-3552,10,471,182
79,720,990505,-312,-16412,-3481,20,463,175
79,721,990510,-434,-16321,-3377,27,456,172
79,722,990515,-480,-16209,-3064,28,449,171
79,723,990520,-335,-16118,-2909,37,424,170
79,724,990525,-149,-16026,-2952,47,394,170
79,725,990530,-146,-15883,-3011,49,373,169
79,726,990535,-282,-15792,-2842,52,345,167
79,727,990540,-333,-15762,-2849,53,311,164
79,728,990545,-280,-15689,-2946,56,283,167
79,729,990550,-306,-15667,-2921,60,268,165
79,730,990555,-392,-15748,-2601,61,253,159
79,731,990560,-404,-15835,-2553,64,217,162
79,732,990565,-374,-15883,-2710,71,193,163
79,733,990570,-399,-15950,-2706,78,189,159
79,734,990575,-513,-15957,-2577,78,178,155
79,735,990580,-507,-15937,-2475,76,151,156
79,736,990585,-589,-15864,-2533,76,113,153
79,737,990590,-678,-15867,-2629,76,87,153
79,738,990595,-694,-15813,-2677,82,78,154
79,739,990600,-709,-15733,-2707,81,67,151
79,740,990605,-712,-15758,-2831,86,45,148
79,741,990610,-766,-15794,-3112,88,32,149
79,742,990615,-799,-15765,-3258,87,32,147
79,743,990620,-926,-15680,-3232,86,38,143
79,744,990625,-1035,-15633,-3193,90,50,137
79,745,990630,-1179,-15713,-3245,89,77,133
79,746,990635,-1123,-15709,-3115,87,118,131
79,747,990640,-1060,-15604,-2751,86,163,125
79,748,990645,-1143,-15585,-2599,90,198,118
79,749,990650,-1305,-15634,-2712,89,220,112
79,750,990655,-1386,-15689,-2802,87,242,109
79,751,990660,-1465,-15735,-2582,83,259,105
79,752,990665,-1494,-15669,-2373,79,262,101
79,753,990670,-1424,-15571,-2373,75,259,95
79,754,990675,-1384,-15557,-2344,75,252,91
79,755,990680,-1408,-15582,-2384,73,239,88
79,756,990685,-1368,-15674,-2381,73,219,85
79,757,990690,-1274,-15773,-2470,69,192,85
79,758,990695,-1376,-15894,-2527,68,166,79
79,759,990700,-1720,-16014,-2596,70,129,73
79,760,990705,-1851,-16110,-2557,68,104,72
79,761,990710,-1765,-16294,-2647,70,78,72
79,762,990715,-1651,-16453,-2742,74,59,66
79,763,990720,-1645,-16675,-2801,74,53,62
79,764,990725,-1666,-16733,-2907,70,46,59
79,765,990730,-1686,-16791,-3125,69,43,49
79,766,990735,-1855,-16918,-3372,71,56,42
79,767,990740,-1924,-17101,-3470,71,68,39
79,768,990745,-1809,-17207,-3458,72,79,36
79,769,990750,-1680,-17235,-3586,77,88,30
79,770,990755,-1672,-17164,-3808,82,100,21
79,771,990760,-1801,-17045,-3904,85,107,16
79,772,990765,-1824,-16950,-3772,85,106,11
79,773,990770,-1710,-16891,-3613,87,102,8
79,774,990775,-1571,-16902,-3431,90,105,4
79,775,990780,-1412,-16937,-3279,96,106,2
79,776,990785,-1221,-16820,-3148,98,99,0
79,777,990790,-1122,-16631,-2985,95,76,-4
79,778,990795,-1150,-16548,-2759,94,37,-5
79,779,990800,-1195,-16502,-2585,95,-2,-1
79,780,990805,-1158,-16351,-2501,90,-37,1
79,781,990810,-1106,-16232,-2437,91,-64,-2
79,782,990815,-1097,-16084,-2324,89,-92,-3
79,783,990820,-1187,-15927,-2321,86,-121,-1
79,784,990825,-1287,-15801,-2458,83,-145,3
79,785,990830,-1276,-15698,-2572,80,-154,2
79,786,990835,-1080,-15637,-2604,77,-147,1
79,787,990840,-988,-15603,-2606,69,-132,1
79,788,990845,-988,-15641,-2639,64,-123,-1
79,789,990850,-1104,-15641,-2739,58,-111,-4
79,790,990855,-1173,-15648,-2813,54,-95,-3
79,791,990860,-1098,-15691,-2780,52,-65,1
79,792,990865,-965,-15714,-2802,47,-25,-1
79,793,990870,-845,-15762,-2891,47,15,-3
79,794,990875,-835,-15729,-2954,42,48,-6
79,795,990880,-936,-15650,-2906,34,70,-9
79,796,990885,-937,-15547,-2779,35,78,-7
79,797,990890,-884,-15539,-2812,31,70,-2
79,798,990895,-800,-15636,-2797,27,67,-1
79,799,990900,-770,-15731,-2790,27,60,2
79,800,990905,-857,-15735,-2697,24,43,4
79,801,990910,-963,-15848,-2791,23,13,5
79,802,990915,-1001,-15985,-2903,21,-8,6
79,803,990920,-1039,-16162,-3004,20,-25,8
79,804,990925,-1015,-16281,-3091,20,-34,10
79,805,990930,-961,-16289,-3151,19,-39,10
79,806,990935,-958,-16245,-3251,19,-39,9
79,807,990940,-946,-16281,-3370,18,-29,8
79,808,990945,-994,-16297,-3253,16,-9,9
79,809,990950,-1057,-16246,-3057,13,10,6
79,810,990955,-1091,-16227,-2851,9,19,2
79,811,990960,-1134,-16252,-2797,9,26,4
79,812,990965,-1165,-16286,-2626,9,40,3
79,813,990970,-1081,-16238,-2541,4,49,3
79,814,990975,-1031,-16160,-2445,-1,51,2
79,815,990980,-1008,-16113,-2306,-3,43,3
79,816,990985,-955,-16039,-2260,-5,29,6
79,817,990990,-883,-16132,-2279,-10,19,3
79,818,990995,-894,-16240,-2317,-12,13,2
79,819,991000,-923,-16311,-2428,-15,6,1
79,820,991005,-960,-16276,-2585,-18,2,-1
79,821,991010,-967,-16256,-2667,-21,6,-1
79,822,991015,-982,-16303,-2731,-25,22,-6
79,823,991020,-937,-16334,-2782,-26,40,-6
79,824,991025,-971,-16311,-2758,-31,57,-9
79,825,991030,-1154,-16204,-2693,-34,67,-13
79,826,991035,-1277,-16123,-2736,-36,66,-13
79,827,991040,-1296,-16059,-2771,-36,61,-14
79,828,991045,-1243,-15997,-2728,-38,61,-15
79,829,991050,-1281,-15913,-2687,-39,56,-17
79,830,991055,-1442,-15865,-2626,-42,46,-23
79,831,991060,-1621,-15846,-2591,-42,36,-25
79,832,991065,-1564,-15815,-2322,-40,31,-25
79,833,991070,-1474,-15881,-2164,-44,18,-29
79,834,991075,-1441,-16035,-2051,-46,-9,-31
79,835,991080,-1463,-16071,-2117,-48,-34,-34
79,836,991085,-1370,-16115,-2298,-50,-45,-38
79,837,991090,-1381,-16152,-2256,-51,-40,-40
79,838,991095,-1433,-16102,-2250,-55,-36,-45
79,839,991100,-1410,-16048,-2417,-57,-24,-50
79,840,991105,-1427,-15959,-2565,-58,-5,-53
79,841,991110,-1421,-15939,-2470,-64,16,-58
79,842,991115,-1432,-15841,-2326,-64,12,-60
79,843,991120,-1378,-15808,-2371,-59,-19,-57
79,844,991125,-1264,-15952,-2496,-58,-54,-58
79,845,991130,-1155,-15965,-2584,-58,-89,-56
79,846,991135,-1144,-15937,-2716,-53,-125,-58
79,847,991140,-1161,-15976,-3004,-50,-151,-58
79,848,991145,-1234,-16014,-3224,-49,-159,-57
79,849,991150,-1348,-16055,-3349,-47,-155,-61
79,850,991155,-1440,-16010,-3284,-42,-143,-61
79,851,991160,-1482,-16015,-3349,-36,-136,-60
79,852,991165,-1423,-15994,-3613,-30,-121,-63
79,853,991170,-1301,-16042,-3649,-27,-96,-67
79,854,991175,-1170,-16015,-3453,-25,-82,-72
79,855,991180,-1132,-16103,-3301,-20,-84,-72
79,856,991185,-1147,-16187,-3232,-16,-86,-73
79,857,991190,-1211,-16212,-3158,-15,-73,-76
79,858,991195,-1289,-16201,-3045,-8,-49,-78
79,859,991200,-1314,-16175,-2974,-2,-29,-79
79,860,991205,-1268,-16113,-3069,2,-15,-79
79,861,991210,-1333,-16026,-3109,3,8,-79
79,862,991215,-1371,-15980,-3124,6,39,-85
79,863,991220,-1367,-15911,-3040,11,65,-84
79,864,991225,-1254,-15894,-2930,13,87,-86
79,865,991230,-1111,-15886,-2937,15,98,-82
79,866,991235,-1039,-15877,-2949,20,101,-83
79,867,991240,-1051,-15886,-2921,23,90,-82
79,868,991245,-997,-15984,-2918,28,64,-79
79,869,991250,-908,-16182,-2977,29,39,-77
79,870,991255,-865,-16328,-2974,34,29,-76
79,871,991260,-971,-16411,-2957,37,24,-76
79,872,991265,-1113,-16433,-2863,37,22,-76
79,873,991270,-1114,-16315,-2816,40,14,-71
79,874,991275,-1079,-16318,-2831,46,10,-71
79,875,991280,-971,-16362,-2676,47,-3,-69
79,876,991285,-882,-16429,-2477,51,-37,-65
79,877,991290,-945,-16504,-2509,53,-80,-63
79,878,991295,-1110,-16552,-2765,53,-115,-64
79,879,991300,-1364,-16596,-2903,54,-125,-63
79,880,991305,-1472,-16591,-2949,58,-130,-61
79,881,991310,-1554,-16556,-3143,63,-125,-62
79,882,991315,-1583,-16561,-3177,66,-98,-64
79,883,991320,-1581,-16500,-3200,68,-63,-66
79,884,991325,-1578,-16415,-3255,68,-36,-70
79,885,991330,-1562,-16354,-3224,68,-20,-71
79,886,991335,-1455,-16298,-3195,66,-18,-76
79,887,991340,-1370,-16341,-3000,69,-26,-74
79,888,991345,-1333,-16404,-2849,71,-37,-74
79,889,991350,-1324,-16488,-2759,73,-39,-75
79,890,991355,-1282,-16588,-2731,75,-37,-74
79,891,991360,-1350,-16541,-2642,71,-30,-76
79,892,991365,-1374,-16544,-2595,71,-21,-77
79,893,991370,-1341,-16585,-2760,68,0,-82
79,894,991375,-1244,-16588,-2858,64,35,-84
79,895,991380,-1207,-16461,-2625,60,64,-86
79,896,991385,-1183,-16274,-2453,58,79,-91
79,897,991390,-1174,-16154,-2441,55,85,-89
79,898,991395,-1146,-15997,-2418,51,95,-93
79,899,991400,-1046,-15836,-2376,45,105,-89
79,900,991405,-946,-15721,-2320,39,94,-85
79,901,991410,-908,-15607,-2370,39,64,-80
79,902,991415,-845,-15627,-2378,38,30,-77
79,903,991420,-750,-15727,-2393,34,7,-72
79,904,991425,-693,-15902,-2302,30,-11,-72
79,905,991430,-711,-16023,-2280,26,-33,-70
79,906,991435,-649,-16266,-2281,20,-78,-60
79,907,991440,-605,-16337,-2279,14,-87,-57
79,908,991445,-688,-16429,-2304,10,-93,-60
79,909,991450,-803,-16467,-2401,3,-88,-59
79,910,991455,-840,-16374,-2477,-7,-70,-57
79,911,991460,-897,-16311,-2378,-9,-38,-57
79,912,991465,-949,-16328,-2246,-11,-14,-55
79,913,991470,-878,-16426,-2243,-14,-1,-52
79,914,991475,-850,-16488,-2254,-16,-1,-52
79,915,991480,-884,-16482,-2367,-20,-11,-50
79,916,991485,-1021,-16538,-2480,-25,-31,-50
79,917,991490,-1064,-16604,-2684,-31,-62,-48
79,918,991495,-1046,-16617,-2817,-29,-84,-46
79,919,991500,-1058,-16687,-2940,-30,-89,-46
79,920,991505,-1066,-16717,-3005,-32,-84,-49
79,921,991510,-1123,-16672,-3020,-32,-75,-49
79,922,991515,-1132,-16474,-3066,-32,-65,-51
79,923,991520,-1211,-16303,-3082,-32,-47,-50
79,924,991525,-1172,-16213,-3184,-29,-23,-50
79,925,991530,-1139,-16140,-3169,-33,-3,-53
79,926,991535,-1120,-15997,-3071,-32,6,-55
79,927,991540,-1116,-15955,-3074,-30,9,-56
79,928,991545,-1106,-16041,-3121,-27,6,-54
79,929,991550,-1031,-16123,-3076,-26,-2,-53
79,930,991555,-1037,-16204,-2958,-28,-16,-54
79,931,991560,-1241,-16227,-2922,-27,-32,-61
79,932,991565,-1398,-16238,-2935,-25,-52,-60
79,933,991570,-1311,-16259,-2883,-26,-62,-56
79,934,991575,-1081,-16210,-2720,-26,-66,-58
79,935,991580,-987,-16168,-2695,-24,-84,-59
79,936,991585,-1125,-16137,-2650,-23,-113,-60
79,937,991590,-1257,-16112,-2658,-24,-144,-61
79,938,991595,-1308,-16082,-2676,-25,-159,-58
79,939,991600,-1262,-16088,-2706,-23,-150,-59
79,940,991605,-1031,-16031,-2741,-22,-133,-58
79,941,991610,-927,-15930,-2736,-23,-117,-61
79,942,991615,-833,-15825,-2816,-22,-105,-63
79,943,991620,-855,-15769,-2963,-22,-89,-63
79,944,991625,-856,-15695,-3035,-27,-66,-63
79,945,991630,-859,-15672,-2994,-29,-41,-65
79,946,991635,-858,-15629,-3076,-26,-20,-63
79,947,991640,-839,-15627,-3185,-24,5,-61
79,948,991645,-854,-15668,-3108,-25,29,-59
79,949,991650,-887,-15709,-2924,-27,43,-63
79,950,991655,-937,-15817,-2875,-24,40,-64
79,951,991660,-922,-15872,-2962,-21,39,-61
79,952,991665,-906,-15914,-2898,-20,42,-61
79,953,991670,-920,-15843,-2564,-21,35,-60
79,954,991675,-1049,-15787,-2437,-18,8,-59
79,955,991680,-1120,-15771,-2525,-20,-23,-57
79,956,991685,-1145,-15792,-2571,-14,-44,-56
79,957,991690,-1096,-15868,-2469,-15,-55,-54
79,958,991695,-1071,-15999,-2392,-13,-80,-50
79,959,991700,-1092,-16165,-2583,-10,-108,-53
79,960,991705,-1219,-16287,-2730,-13,-125,-49
79,961,991710,-1218,-16330,-2665,-12,-136,-50
79,962,991715,-1207,-16361,-2550,-12,-136,-50
79,963,991720,-1275,-16457,-2493,-12,-133,-51
79,964,991725,-1197,-16497,-2514,-14,-123,-50
79,965,991730,-1129,-16498,-2521,-12,-104,-50
79,966,991735,-1019,-16487,-2408,-13,-89,-48
79,967,991740,-942,-16497,-2332,-16,-90,-48
79,968,991745,-979,-16533,-2249,-16,-104,-48
79,969,991750,-897,-16554,-2192,-15,-119,-43
79,970,991755,-873,-16618,-2338,-15,-130,-42
79,971,991760,-858,-16616,-2419,-14,-135,-40
79,972,991765,-911,-16592,-2492,-15,-144,-41
79,973,991770,-944,-16577,-2509,-15,-158,-37
79,974,991775,-1018,-16492,-2665,-18,-165,-34
79,975,991780,-1160,-16429,-2812,-15,-154,-32
79,976,991785,-1176,-16387,-2912,-16,-135,-31
79,977,991790,-1072,-16306,-2989,-15,-114,-30
79,978,991795,-1026,-16210,-2948,-16,-91,-31
79,979,991800,-1173,-16079,-2707,-13,-43,-31
79,980,991805,-1103,-15999,-2558,-16,-27,-29
79,981,991810,-1024,-15971,-2468,-14,-9,-28
79,982,991815,-998,-15967,-2386,-15,10,-29
79,983,991820,-960,-15976,-2263,-16,22,-25
79,984,991825,-930,-15973,-2201,-16,12,-24
79,985,991830,-884,-16014,-2173,-16,-3,-21
79,986,991835,-841,-15976,-2252,-18,-6,-17
79,987,991840,-833,-15959,-2218,-19,-9,-14
79,988,991845,-827,-16012,-2224,-21,-17,-12
79,989,991850,-808,-16046,-2368,-23,-33,-10
79,990,991855,-735,-16117,-2531,-22,-38,-1
79,991,991860,-632,-16148,-2583,-24,-37,3
79,992,991865,-551,-16226,-2509,-21,-40,3
79,993,991870,-554,-16338,-2542,-20,-57,9
79,994,991875,-646,-16362,-2675,-21,-65,10
79,995,991880,-644,-16425,-2765,-19,-67,15
79,996,991885,-697,-16390,-2754,-19,-61,21
79,997,991890,-695,-16382,-2741,-19,-56,23
79,998,991895,-735,-16371,-2879,-18,-63,23
79,999,991900,-761,-16412,-3017,-13,-56,26
