event_id,seq,ts_us,ax,ay,az,gx,gy,gz
1,0,27028686,100,-40,4151,-1,4,1
1,1,27036132,104,-40,4151,-5,7,0
1,2,27043579,104,-40,4151,-2,5,0
1,3,27051025,100,-37,4148,-5,6,0
1,4,27058471,95,-32,4147,-2,4,1
1,5,27065917,97,-31,4144,-1,4,0
1,6,27073364,97,-31,4144,-2,4,1
1,7,27080810,104,-38,4154,-2,4,0
1,8,27088256,97,-42,4153,-1,5,1
1,9,27095703,101,-46,4154,-3,4,1
1,10,27103149,101,-46,4154,-2,2,1
1,11,27110595,106,-41,4148,-3,6,2
1,12,27118041,107,-43,4146,-2,6,0
1,13,27125488,111,-39,4145,-1,4,3
1,14,27132934,111,-39,4145,-2,6,2
1,15,27140380,106,-35,4148,0,3,2
1,16,27147827,101,-38,4141,-3,3,-1
1,17,27155273,100,-37,4144,-2,3,1
1,18,27162719,100,-37,4144,-1,3,0
1,19,27170166,100,-30,4145,3,3,1
1,20,27177612,97,-31,4148,-2,4,1
1,21,27185058,96,-41,4145,-1,3,-1
1,22,27192504,96,-41,4145,-2,4,-2
1,23,27200012,96,-48,4148,-3,5,2
1,24,27207458,99,-44,4150,-3,4,1
1,25,27214904,105,-39,4152,-2,5,-1
1,26,27222351,105,-39,4152,-3,5,0
1,27,27229797,110,-43,4151,0,4,3
1,28,27237243,110,-44,4149,1,3,3
1,29,27244689,101,-39,4153,-4,5,1
1,30,27252136,101,-39,4153,-3,1,2
1,31,27259582,111,-36,4146,-3,5,1
1,32,27267089,110,-32,4154,-4,5,-1
1,33,27274566,97,-37,4161,-1,2,0
1,34,27282012,97,-37,4161,-1,3,-2
1,35,27289459,93,-37,4153,-2,5,1
1,36,27296905,102,-39,4143,-2,6,1
1,37,27304351,103,-39,4148,-1,6,1
1,38,27311798,103,-39,4148,-3,3,0
1,39,27319244,99,-42,4138,0,4,1
1,40,27326690,98,-41,4147,-1,6,1
1,41,27334136,103,-42,4146,-1,3,1
1,42,27341583,103,-42,4146,-3,5,1
1,43,27349029,102,-39,4148,0,5,2
1,44,27356475,104,-41,4158,-3,5,0
1,45,27363922,111,-39,4147,-1,5,-1
1,46,27371368,111,-39,4147,-2,2,-1
1,47,27379058,111,-38,4145,-1,3,0
1,48,27386505,112,-41,4153,-3,2,-1
1,49,27394012,108,-36,4155,-1,3,1
1,50,27401489,108,-36,4155,0,5,3
1,51,27408935,102,-38,4155,-4,5,2
1,52,27416381,94,-34,4148,-1,5,0
1,53,27423889,100,-32,4152,-3,7,3
1,54,27431335,100,-32,4152,0,6,0
1,55,27438781,94,-41,4150,-1,4,0
1,56,27446228,100,-40,4147,-3,5,-1
1,57,27453674,102,-37,4145,-2,4,0
1,58,27461120,102,-37,4145,-1,5,1
1,59,27469085,97,-33,4151,-3,2,1
1,60,27476531,100,-38,4149,-1,4,0
1,61,27483978,106,-41,4149,-3,4,1
1,62,27491424,106,-43,4153,-1,6,2
1,63,27498870,106,-43,4153,-1,4,1
1,64,27506317,105,-43,4143,-3,5,0
1,65,27513854,104,-41,4151,-5,4,-1
1,66,27521301,98,-39,4150,-2,4,0
1,67,27528747,98,-39,4150,-3,4,-2
1,68,27536254,99,-38,4145,-2,5,1
1,69,27543731,93,-37,4151,-2,5,0
1,70,27551177,100,-42,4152,-2,3,0
1,71,27559082,100,-42,4152,0,4,1
1,72,27566528,103,-39,4156,-1,3,2
1,73,27573974,98,-39,4151,-1,4,0
1,74,27581420,95,-42,4146,-2,2,1
1,75,27588867,95,-42,4146,-3,3,3
1,76,27596313,101,-40,4148,0,5,1
1,77,27603851,106,-39,4146,-1,7,3
1,78,27611297,101,-46,4156,-2,2,0
1,79,27618743,101,-46,4156,-3,5,0
1,80,27626190,98,-40,4147,-3,5,2
1,81,27633636,98,-36,4151,-2,5,2
1,82,27641082,93,-36,4151,-1,5,-1
1,83,27649078,93,-36,4151,-3,6,1
1,84,27656524,96,-35,4153,-2,5,1
1,85,27663970,96,-37,4152,-1,6,0
1,86,27671417,103,-37,4150,-3,6,3
1,87,27678863,103,-37,4150,-3,6,2
1,88,27686309,106,-39,4147,-4,4,1
1,89,27693878,105,-44,4154,-2,6,1
1,90,27701354,98,-43,4148,-3,4,3
1,91,27708801,98,-43,4148,0,6,2
1,92,27716247,101,-39,4145,-4,4,0
1,93,27723693,105,-39,4146,-3,3,0
1,94,27731140,99,-40,4145,-3,5,1
1,95,27738891,99,-40,4145,0,5,2
1,96,27746337,97,-42,4154,-3,4,1
1,97,27753784,99,-36,4156,-3,5,0
1,98,27761230,103,-38,4147,-2,5,1
1,99,27768676,103,-38,4147,-2,5,2
1,100,27776123,103,-46,4143,-2,5,0
1,101,27784057,99,-45,4150,-3,5,2
1,102,27791503,99,-37,4153,-2,1,2
1,103,27798950,99,-37,4153,-3,3,-1
1,104,27806396,102,-35,4147,-2,5,-1
1,105,27813842,103,-38,4148,-2,5,1
1,106,27821319,104,-38,4152,-3,4,1
1,107,27828857,104,-38,4152,-1,4,-2
1,108,27836303,104,-37,4144,-1,4,1
1,109,27843750,99,-41,4148,-1,4,2
1,110,27851257,101,-38,4151,-1,4,2
1,111,27858734,101,-38,4151,-1,5,2
1,112,27866180,100,-44,4150,-3,4,3
1,113,27874145,98,-40,4147,-2,5,-2
1,114,27881591,97,-38,4150,-4,5,2
1,115,27889038,101,-34,4154,-2,4,2
1,116,27896484,101,-34,4154,0,6,2
1,117,27903930,96,-36,4150,-4,5,2
1,118,27911376,95,-43,4147,-2,6,0
1,119,27918853,101,-44,4148,-1,6,0
1,120,27926300,101,-44,4148,-3,5,0
1,121,27933746,104,-44,4151,-2,7,1
1,122,27941192,102,-40,4149,1,5,2
1,123,27948638,95,-39,4142,-4,5,1
1,124,27956085,95,-39,4142,-2,6,1
1,125,27964141,101,-39,4137,-2,4,2
1,126,27971588,107,-38,4148,-4,5,2
1,127,27979034,108,-37,4156,-1,4,2
1,128,27986480,108,-37,4156,-1,5,-1
1,129,27993927,97,-32,4149,-2,1,0
1,130,28001373,105,-40,4148,-2,3,0
1,131,28009002,101,-42,4146,-1,6,0
1,132,28016448,101,-42,4146,-2,4,-2
1,133,28023895,99,-45,4149,-3,4,1
1,134,28031341,104,-42,4150,0,3,2
1,135,28038787,101,-45,4149,-4,4,-1
1,136,28046234,101,-45,4149,-4,6,1
1,137,28054107,98,-42,4149,-1,6,0
1,138,28061553,102,-39,4145,0,6,1
1,139,28069000,105,-39,4145,-2,5,1
1,140,28076446,105,-39,4145,-2,4,4
1,141,28084106,107,-41,4153,0,5,2
1,142,28091552,100,-38,4148,-1,4,1
1,143,28098999,96,-36,4147,-2,2,1
1,144,28106445,96,-36,4147,-1,3,0
1,145,28114044,101,-41,4150,-2,2,3
1,146,28121490,102,-45,4152,-3,2,2
1,147,28128936,102,-43,4148,0,3,0
1,148,28136413,102,-43,4148,-3,3,-1
1,149,28144042,102,-36,4150,-2,5,2
1,150,28151489,94,-41,4146,0,5,0
1,151,28158996,108,-42,4149,-3,4,0
1,152,28166442,108,-42,4149,-1,4,4
1,153,28174102,104,-40,4156,-2,6,-1
1,154,28181549,104,-36,4150,-4,4,1
1,155,28188995,98,-39,4147,-2,5,2
1,156,28196441,98,-39,4147,-1,5,2
1,157,28204132,98,-39,4147,0,5,1
1,158,28211578,97,-38,4148,0,5,2
1,159,28219024,102,-35,4145,-2,3,0
1,160,28226470,102,-35,4145,-2,5,0
1,161,28234069,99,-38,4153,-5,3,-2
1,162,28241516,96,-42,4158,-3,6,1
1,163,28248962,103,-36,4150,-4,6,-1
1,164,28256408,101,-38,4149,-2,3,0
1,165,28263854,101,-38,4149,-3,4,1
1,166,28271301,107,-37,4148,-2,5,0
1,167,28278778,102,-44,4146,0,4,2
1,168,28286224,108,-40,4142,-3,6,1
1,169,28293762,108,-40,4142,-1,5,2
1,170,28301208,108,-42,4143,1,3,1
1,171,28308837,102,-41,4148,-1,3,1
1,172,28316314,106,-40,4146,-1,3,1
1,173,28324096,106,-40,4146,-1,2,1
1,174,28331573,101,-47,4151,0,3,2
1,175,28339019,97,-44,4148,-1,3,3
1,176,28346466,105,-43,4147,-3,5,-2
1,177,28354095,105,-43,4147,-3,5,0
1,178,28361541,100,-40,4155,-3,4,0
1,179,28368988,104,-36,4153,-3,5,0
1,180,28376434,103,-35,4150,-2,3,1
1,181,28384033,103,-35,4150,-2,5,3
1,182,28391479,104,-41,4140,-3,7,0
1,183,28398925,99,-44,4149,-1,4,2
1,184,28406372,101,-37,4151,-6,3,-1
1,185,28414123,101,-37,4151,-4,5,-1
1,186,28421569,103,-42,4150,-3,4,2
1,187,28429016,98,-46,4151,-3,3,1
1,188,28436462,100,-40,4153,-2,5,1
1,189,28443969,100,-40,4153,-3,6,-2
1,190,28451416,105,-35,4153,-2,4,1
1,191,28458862,98,-41,4150,-1,2,2
1,192,28466308,105,-45,4149,-3,6,-2
1,193,28473785,105,-45,4149,-1,6,-2
1,194,28481231,96,-39,4151,-3,5,2
1,195,28488861,104,-38,4150,-3,5,0
1,196,28496307,108,-45,4150,-2,4,1
1,197,28503784,108,-45,4150,0,6,1
1,198,28511230,104,-39,4153,-1,5,0
1,199,28518768,102,-43,4149,-2,5,-1
1,200,28526214,102,-39,4146,0,5,0
1,201,28533752,102,-39,4146,-1,6,0
1,202,28541198,105,-37,4148,-5,5,-1
1,203,28548736,102,-43,4154,-4,4,0
1,204,28556182,101,-40,4155,-3,5,1
1,205,28563659,101,-40,4155,-1,3,1
1,206,28571105,98,-46,4147,-3,5,-1
1,207,28578674,99,-38,4147,-3,6,-1
1,208,28586120,106,-36,4153,-2,6,1
1,209,28593658,106,-36,4153,-3,7,0
1,210,28601104,107,-42,4151,-2,6,1
1,211,28608795,102,-42,4147,0,6,-1
1,212,28616271,102,-36,4153,-1,4,0
1,213,28623779,102,-36,4153,-3,7,-1
1,214,28631225,105,-39,4159,-3,3,0
1,215,28638763,104,-43,4150,0,4,0
1,216,28646209,101,-41,4153,-1,6,1
1,217,28653747,101,-41,4153,-2,4,0
1,218,28661193,102,-39,4145,-1,3,1
1,219,28668731,97,-40,4149,-2,4,1
1,220,28676177,101,-36,4145,-3,4,1
1,221,28683654,101,-36,4145,-4,4,-2
1,222,28691101,105,-41,4149,-3,5,0
1,223,28698638,100,-43,4146,0,4,2
1,224,28706085,106,-39,4143,0,2,2
1,225,28713623,107,-43,4148,-4,5,1
1,226,28721069,107,-43,4148,-3,4,-2
1,227,28728637,98,-44,4145,-1,4,0
1,228,28736083,104,-38,4146,-2,4,1
1,229,28743621,105,-40,4151,0,4,1
1,230,28751068,105,-40,4151,-1,4,2
1,231,28758636,94,-45,4153,0,3,1
1,232,28766082,103,-38,4151,-3,4,0
1,233,28773651,108,-36,4151,-1,7,1
1,234,28781097,108,-36,4151,-3,5,2
1,235,28788635,107,-47,4147,-3,3,-3
1,236,28796081,106,-44,4152,-5,5,0
1,237,28803619,95,-37,4154,-1,4,2
1,238,28811065,95,-37,4154,-3,6,1
1,239,28818634,107,-42,4156,-3,4,-3
1,240,28826080,97,-43,4149,-2,5,0
1,241,28833526,96,-42,4149,-1,5,0
1,242,28840972,96,-42,4149,-2,2,2
1,243,28848510,102,-41,4151,-2,5,0
1,244,28855957,104,-34,4153,-4,2,2
1,245,28863433,101,-32,4142,-3,4,0
1,246,28870880,101,-32,4142,-1,6,0
1,247,28878417,107,-39,4139,-2,7,1
1,248,28885864,100,-40,4156,0,4,2
1,249,28893402,107,-38,4154,-4,3,0
1,250,28900848,107,-38,4154,-2,3,1
1,251,28908294,97,-39,4155,-3,6,-2
1,252,28915802,98,-41,4149,-2,3,-1
1,253,28923278,98,-38,4149,-2,6,1
1,254,28930725,98,-38,4149,-2,6,2
1,255,28938232,104,-39,4153,-3,5,1
1,256,28945678,98,-41,4152,-1,2,-2
1,257,28953216,101,-45,4152,-4,5,-1
1,258,28960662,101,-45,4152,-2,2,-2
1,259,28968231,100,-36,4155,-3,3,0
1,260,28975677,101,-39,4149,-3,0,-2
1,261,28983215,105,-40,4149,-2,7,1
1,262,28990661,105,-40,4149,-5,3,1
1,263,28998199,105,-35,4150,-2,2,0
1,264,29005645,104,-38,4149,-2,4,0
1,265,29013183,96,-39,4142,-4,4,0
1,266,29020660,96,-39,4142,-3,2,0
1,267,29028198,97,-37,4148,-4,4,-1
1,268,29035644,99,-38,4151,0,3,0
1,269,29043182,100,-39,4147,-1,6,1
1,270,29050628,100,-39,4147,-3,5,0
1,271,29058105,98,-38,4148,-3,5,0
1,272,29065551,102,-38,4156,-2,3,1
1,273,29073120,108,-41,4142,1,4,0
1,274,29080566,108,-41,4142,-1,5,-1
1,275,29088104,107,-46,4144,-1,4,2
1,276,29095550,96,-42,4144,-2,4,2
1,277,29103088,101,-39,4153,-1,3,1
1,278,29110534,101,-39,4153,-1,4,0
1,279,29118072,98,-40,4151,0,4,3
1,280,29125518,98,-48,4144,-2,4,1
1,281,29132965,94,-38,4148,-1,5,2
1,282,29140411,94,-38,4148,-2,3,1
1,283,29147888,94,-35,4155,-5,3,0
1,284,29155334,104,-43,4149,-4,2,0
1,285,29162780,106,-42,4151,-2,4,-1
1,286,29170227,106,-42,4151,-3,4,2
1,287,29177703,106,-47,4155,-2,4,1
1,288,29185150,101,-40,4156,0,3,0
1,289,29192626,103,-40,4153,-2,6,2
1,290,29200073,103,-40,4153,-2,4,0
1,291,29207550,105,-42,4150,-2,3,1
1,292,29214996,101,-39,4151,-2,6,2
1,293,29222473,103,-33,4150,-1,4,-1
1,294,29229919,103,-33,4150,-2,6,1
1,295,29237396,103,-39,4144,2,3,0
1,296,29244842,106,-43,4148,-2,3,0
1,297,29252319,107,-40,4155,1,5,2
1,298,29259765,107,-40,4155,-4,4,1
1,299,29267242,100,-46,4148,-2,3,0
1,300,29274688,100,-39,4146,-2,4,1
1,301,29282165,105,-30,4147,-2,4,-1
1,302,29289611,105,-30,4147,-4,3,-1
1,303,29297088,100,-38,4144,0,5,2
1,304,29304595,101,-41,4149,-2,4,1
1,305,29312103,97,-45,4149,-4,4,-1
1,306,29319549,97,-45,4149,-3,3,0
1,307,29327026,99,-45,4156,-3,6,-1
1,308,29334472,100,-40,4149,-3,4,0
1,309,29341979,100,-39,4154,-3,2,0
1,310,29349426,99,-38,4150,-1,2,2
1,311,29356964,99,-38,4150,-1,4,1
1,312,29364410,98,-34,4146,0,3,2
1,313,29371978,103,-41,4152,-1,3,0
1,314,29379425,102,-38,4149,-1,3,1
1,315,29386962,102,-38,4149,-2,3,3
1,316,29394409,101,-40,4151,-1,3,1
1,317,29401977,95,-42,4156,-2,2,-1
1,318,29409423,104,-42,4150,-2,6,0
1,319,29417022,104,-42,4150,-2,5,-1
1,320,29424468,103,-36,4148,-2,4,2
1,321,29431976,103,-40,4149,-2,5,2
1,322,29439422,99,-30,4144,-1,2,1
1,323,29447052,99,-30,4144,-2,4,-1
1,324,29454528,96,-39,4149,-2,7,1
1,325,29462005,98,-43,4153,-2,7,0
1,326,29469451,108,-41,4151,-1,6,3
1,327,29476959,108,-41,4151,-1,5,1
1,328,29484405,101,-45,4144,-1,4,1
1,329,29491973,107,-38,4151,-3,4,-1
1,330,29499420,105,-37,4154,-1,3,1
1,331,29506988,105,-37,4154,2,4,1
1,332,29514434,104,-43,4159,-4,5,0
1,333,29521972,104,-41,4148,-2,3,1
1,334,29529418,102,-38,4142,-2,4,2
1,335,29536987,102,-38,4142,-2,4,0
1,336,29544433,96,-41,4144,-2,4,1
1,337,29551971,92,-40,4156,-3,5,0
1,338,29559417,101,-38,4154,-1,4,2
1,339,29566986,101,-38,4154,-1,3,0
1,340,29574523,99,-37,4146,-5,6,1
1,341,29582000,104,-42,4150,-3,2,2
1,342,29589447,102,-34,4145,-5,4,1
1,343,29596984,102,-34,4145,-2,4,0
1,344,29604492,99,-36,4145,0,3,1
1,345,29611999,99,-41,4152,-2,3,0
1,346,29619445,99,-39,4150,-2,3,3
1,347,29626983,99,-39,4150,-3,3,0
1,348,29634429,96,-38,4150,-3,3,3
1,349,29641967,102,-41,4151,-2,2,0
1,350,29649414,107,-41,4146,-1,2,3
1,351,29656982,107,-41,4146,0,4,1
1,352,29664428,103,-44,4143,-2,6,0
1,353,29671966,104,-43,4137,-1,7,0
1,354,29679412,97,-38,4152,0,2,1
1,355,29686981,97,-38,4152,-1,4,1
1,356,29694427,105,-37,4165,-3,4,2
1,357,29701995,104,-39,4159,-4,7,1
1,358,29709442,109,-39,4159,-4,4,0
1,359,29716918,109,-39,4159,-5,3,-1
1,360,29724365,101,-44,4148,-4,5,0
1,361,29731933,100,-45,4143,-4,4,2
1,362,29739379,93,-40,4145,-5,5,0
1,363,29746856,93,-40,4145,-2,4,1
1,364,29754302,91,-41,4146,-5,3,-2
1,365,29761810,93,-40,4146,-3,3,-1
1,366,29769348,97,-37,4154,-4,6,0
1,367,29776824,110,-22,4139,-4,6,1
1,368,29784271,110,-22,4139,-2,7,1
1,369,29791778,117,-26,4136,-5,3,3
1,370,29799224,106,-42,4154,-6,4,1
1,371,29806732,103,-48,4163,-2,4,2
1,372,29814178,103,-48,4163,-3,6,2
1,373,29821624,105,-49,4136,-3,3,1
1,374,29829071,102,-47,4141,-4,3,4
1,375,29836517,94,-45,4140,-1,4,1
1,376,29843963,94,-45,4140,-2,4,1
1,377,29851470,99,-41,4152,-6,6,0
1,378,29858978,94,-37,4145,-3,6,0
1,379,29866424,100,-33,4143,-2,5,1
1,380,29873870,100,-33,4143,0,3,1
1,381,29881317,102,-38,4149,-3,6,1
1,382,29888763,102,-39,4145,-2,4,1
1,383,29896240,99,-41,4150,-2,2,2
1,384,29903686,99,-41,4150,0,4,3
1,385,29911132,100,-41,4154,-2,5,1
1,386,29918579,108,-43,4146,-1,5,0
1,387,29926025,108,-41,4152,-4,5,0
1,388,29933471,108,-41,4152,-4,5,1
1,389,29940948,102,-39,4154,-1,5,0
1,390,29948394,105,-36,4152,-3,5,1
1,391,29955841,98,-37,4156,-4,4,2
1,392,29963287,98,-37,4156,-3,5,1
1,393,29970825,98,-41,4148,0,3,-1
1,394,29978271,98,-41,4156,-2,3,0
1,395,29985717,103,-40,4143,-3,2,1
1,396,29993255,103,-40,4143,-2,3,1
1,397,30000793,99,-41,4150,-2,6,1
1,398,30008270,98,-42,4142,-4,4,0
1,399,30015716,98,-41,4150,-1,4,2
1,400,30023162,98,-41,4150,-3,5,2
1,401,30030609,100,-39,4149,-1,6,-2
1,402,30038085,106,-46,4157,0,4,0
1,403,30045532,100,-42,4147,-3,6,-1
1,404,30052978,100,-42,4147,-2,4,2
1,405,30060424,95,-44,4153,-2,4,1
1,406,30067871,99,-41,4150,-2,4,1
1,407,30075317,99,-40,4146,0,3,2
1,408,30082763,99,-40,4146,-2,4,1
1,409,30090209,102,-37,4149,-2,5,-1
1,410,30097656,99,-32,4145,-2,3,0
1,411,30105102,97,-33,4148,-3,7,-1
1,412,30112548,97,-33,4148,-3,6,3
1,413,30119995,104,-42,4146,-3,3,0
1,414,30127441,100,-48,4146,-2,4,0
1,415,30134887,103,-41,4145,-2,3,1
1,416,30142333,103,-41,4145,-3,3,0
1,417,30149780,103,-40,4149,-3,4,2
1,418,30157226,106,-38,4157,-2,4,0
1,419,30164672,106,-39,4148,-3,6,1
1,420,30172119,106,-39,4148,-3,4,2
1,421,30179565,101,-44,4142,-3,4,0
1,422,30187011,99,-38,4143,-3,5,1
1,423,30194458,103,-42,4150,-2,4,1
1,424,30201904,103,-42,4150,0,4,0
1,425,30209350,105,-43,4147,-2,4,1
1,426,30216827,98,-46,4147,-3,4,2
1,427,30224273,100,-39,4145,-3,3,2
1,428,30231719,100,-39,4145,-5,5,1
1,429,30239166,100,-48,4147,-2,4,2
1,430,30246612,97,-39,4153,-2,3,1
1,431,30254058,106,-38,4151,-2,5,1
1,432,30261505,106,-38,4151,-3,4,1
1,433,30268951,106,-46,4144,-3,3,-1
1,434,30276397,106,-39,4152,-1,2,1
1,435,30283843,186,189,4144,-15,14,15
1,436,30291290,186,189,4144,-15,29,191
1,437,30298736,1425,1291,4128,15,-3,416
1,438,30306182,1101,99,4106,5,29,314
1,439,30313690,-75,-619,4161,5,6,440
1,440,30321228,-75,-619,4161,-6,32,486
1,441,30328674,-346,-759,4185,6,-14,338
1,442,30336120,-506,-656,4161,0,7,261
1,443,30343566,-103,-193,4171,-4,3,62
1,444,30351013,-103,-193,4171,-3,-14,90
1,445,30358520,-131,4,4132,3,77,35
1,446,30365966,27,-423,4180,-8,55,33
1,447,30373413,798,-1343,4155,8,-73,145
1,448,30380859,798,-1343,4155,30,-39,246
1,449,30388305,1068,-835,4122,4,0,353
1,450,30395751,704,237,4091,7,12,484
1,451,30403198,-4,-210,4137,12,2,506
1,452,30410644,-4,-210,4137,-6,21,484
1,453,30418090,155,-186,4141,11,11,552
1,454,30425537,325,-233,4167,8,20,610
1,455,30432983,-81,128,4197,1,3,653
1,456,30440429,-81,128,4197,22,-4,693
1,457,30447875,26,-59,4109,23,-7,682
1,458,30455322,-397,-15,4160,9,3,538
1,459,30462860,-453,142,4216,0,16,388
1,460,30470336,-453,142,4216,-11,-4,321
1,461,30477783,-111,731,4134,-30,29,295
1,462,30485229,1355,4086,4192,-65,57,631
1,463,30492675,1398,2061,4752,-203,97,1005
1,464,30500122,1398,2061,4752,-444,187,934
1,465,30515014,-66,-3069,1560,-297,-1207,1144
1,466,30522460,-369,-530,5266,-180,305,628
1,467,30529907,-369,-530,5266,-485,366,436
1,468,30537353,-425,288,4178,-109,719,596
1,469,30544799,-248,415,3638,7,732,609
1,470,30552246,-530,8,4195,-151,199,475
1,471,30559692,-530,8,4195,-69,127,459
1,472,30567138,45,-456,3748,112,6,520
1,473,30574615,365,-768,3883,146,-140,517
1,474,30582061,280,-996,3957,208,-479,476
1,475,30589508,280,-996,3957,277,-629,483
1,476,30596954,91,-893,3572,569,-796,562
1,477,30604400,-107,-929,3850,859,-857,561
1,478,30611846,-423,-764,5671,-18,61,430
1,479,30619293,-423,-764,5671,1,123,381
1,480,30634185,334,2361,4131,15,-7,785
1,481,30641632,-824,456,4186,18,9,497
1,482,30649078,-824,456,4186,-8,7,465
1,483,30656524,-485,-403,4164,9,9,287
1,484,30664062,-365,-310,4162,26,0,210
1,485,30671569,19,-302,4157,-12,5,38
1,486,30679016,19,-302,4157,0,9,90
1,487,30686462,339,-264,4140,6,4,149
1,488,30693908,-388,-480,4176,9,-3,80
1,489,30701354,-368,-769,4180,0,13,-28
1,490,30708892,-368,-769,4180,1,-3,-25
1,491,30716430,-301,-366,4142,-16,5,-26
1,492,30723876,-238,-45,4121,2,18,-16
1,493,30731323,20,105,4176,-8,18,21
1,494,30738800,20,105,4176,-10,-18,26
1,495,30753814,444,23,4134,-5,8,16
1,496,30761291,194,-133,4138,9,14,40
1,497,30768737,194,-133,4138,-11,6,20
1,498,30776214,-30,-593,4181,-3,4,-29
1,499,30783660,176,-152,4119,-1,11,-98
1,500,30791107,-55,499,4165,2,25,-91
1,501,30798675,-55,499,4165,-18,-28,-62
1,502,30806121,-1218,531,4142,-40,113,-571
1,503,30813568,-505,1275,4566,-94,92,-569
1,504,30821014,145,471,6517,-1086,157,-305
1,505,30828521,145,471,6517,-1387,869,-284
1,506,30835998,396,1331,4273,-1232,1540,6
1,507,30843475,378,181,4809,-1479,1386,-12
1,508,30850952,-387,-1250,4818,-1063,1081,-143
1,509,30858398,-387,-1250,4818,-821,585,-215
1,510,30873291,-752,-163,4855,-1388,220,-475
1,511,30880737,71,34,5147,-1537,228,-423
1,512,30888244,71,34,5147,-1997,407,-477
1,513,30895721,944,815,6484,-2547,-243,-66
1,514,30903167,1059,205,6058,-2529,-577,15
1,515,30910614,432,-646,5526,-2488,-871,-92
1,516,30918060,432,-646,5526,-2523,-1085,13
1,517,30925537,456,-282,5257,-2794,-1283,177
1,518,30933074,183,-652,4938,-2947,-1403,190
1,519,30940521,-58,-1157,4478,-3153,-1432,139
1,520,30947967,-58,-1157,4478,-3169,-1607,85
1,521,30955474,-127,-1295,4425,-3181,-1899,73
1,522,30962951,84,-1074,3857,-3172,-1818,79
1,523,30970428,201,-1110,3761,-3189,-1764,59
1,524,30977935,201,-1110,3761,-3144,-1799,102
1,525,30992889,712,-1337,3109,-2841,-1299,166
1,526,31000366,802,-1527,3744,-2765,-1161,361
1,527,31007812,802,-1527,3744,-2873,-1081,398
1,528,31015258,233,-1843,3808,-2952,-772,336
1,529,31022735,222,-1924,3568,-2886,-736,276
1,530,31030181,527,-1796,3218,-2627,-496,342
1,531,31037628,527,-1796,3218,-2483,-495,403
1,532,31045074,589,-1934,2952,-2303,-258,432
1,533,31052612,353,-2017,2696,-2267,-151,428
1,534,31060058,86,-2040,3313,-2172,-457,354
1,535,31074951,154,-2197,3587,-2156,-1685,287
1,536,31082397,562,-2205,1460,-2270,-660,338
1,537,31089935,950,-2175,2308,-2139,240,485
1,538,31097381,950,-2175,2308,-1873,-332,427
1,539,31104827,588,-2333,3014,-1544,-256,383
1,540,31112304,280,-2379,1541,-1485,282,410
1,541,31119750,102,-2793,1762,-1241,716,330
1,542,31127197,102,-2793,1762,-1120,584,210
1,543,31134643,-65,-2840,1939,-918,512,59
1,544,31142089,164,-2538,791,-757,726,52
1,545,31149536,56,-2476,134,-235,930,-94
1,546,31157012,56,-2476,134,161,903,-98
1,547,31164459,296,-2159,-863,964,1047,44
1,548,31171936,745,-1632,-1538,1354,1058,150
1,549,31179382,655,-1500,-895,2064,861,292
1,550,31194335,-26,-1834,403,2636,-737,161
1,551,31201812,-314,-1974,490,2801,-1020,138
1,552,31209289,-194,-2060,406,3265,-1004,-52
1,553,31216796,-194,-2060,406,3543,-888,-125
1,554,31224243,-187,-2288,501,4104,-252,-549
1,555,31231689,-680,-2436,1600,4247,-28,-771
1,556,31239135,-1107,-2558,2751,4090,512,-963
1,557,31246612,-1107,-2558,2751,3926,689,-1026
1,558,31254058,-1018,-1750,3226,3733,1255,-1395
1,559,31261505,-4,-780,3072,3962,2087,-1433
1,560,31268951,84,-735,5477,4120,2476,-1341
1,561,31276397,84,-735,5477,4027,2284,-1170
1,562,31283843,478,-371,5980,4054,3472,-915
1,563,31291473,107,388,3768,3896,6701,-650
1,564,31298919,350,490,9155,3505,3916,-408
1,565,31313812,172,382,8426,3090,2553,-169
1,566,31321289,-257,326,7581,3059,2549,-142
1,567,31328735,45,308,8073,2709,1084,-8
1,568,31336212,45,308,8073,2534,-2334,186
1,569,31343719,625,-204,8045,881,-787,286
1,570,31351165,-410,378,6025,472,-415,337
1,571,31358612,-522,487,5768,-369,312,486
1,572,31366088,-522,487,5768,-770,625,412
1,573,31373535,-925,-453,5763,-762,265,50
1,574,31381042,-1406,-877,6139,-824,-114,-145
1,575,31388519,-860,-281,6535,-1030,-762,-341
1,576,31395965,-860,-281,6535,-1196,-1006,-293
1,577,31403411,534,-237,6016,-1613,-904,-108
1,578,31410888,1272,-320,6489,-1935,-1058,24
1,579,31418334,996,-504,6534,-2541,-1143,214
1,580,31433319,556,-744,6279,-2847,-1818,396
1,581,31440795,262,-1037,5326,-2861,-1925,462
1,582,31448272,-47,-1363,4077,-2868,-1583,517
1,583,31455749,-47,-1363,4077,-2975,-1209,465
1,584,31463226,-1181,-1702,3996,-3159,-1011,70
1,585,31470733,-1327,-1820,2548,-2954,-1020,-9
1,586,31478271,-1053,-2175,-693,-2109,-406,179
1,587,31485748,-521,-2076,-2329,-1029,650,15
1,588,31493225,-521,-2076,-2329,-570,1088,-53
1,589,31500701,1,-1993,-2129,416,1173,-68
1,590,31508178,-218,-1762,-1627,815,1004,-160
1,591,31515655,-299,-1341,-271,1326,722,-347
1,592,31523498,-299,-1341,-271,1381,260,-410
1,593,31530944,-86,-1136,1001,1144,-389,-458
1,594,31538391,-3,-1584,1724,1150,-806,-494
1,595,31553283,-23,-1841,1861,2212,-800,-407
1,596,31560729,-90,-1333,2040,2207,-815,-472
1,597,31568176,-369,-1282,2164,2294,-370,-567
1,598,31575622,-617,-602,-142,2569,2210,-748
1,599,31583068,-617,-602,-142,2766,4022,-707
1,600,31590545,-788,-905,4058,3336,3516,-613
1,601,31597991,-784,-105,5380,3253,3988,-425
1,602,31605438,-1276,-280,6016,4272,4546,-258
1,603,31612884,-1276,-280,6016,5557,-1169,-314
1,604,31620330,778,1045,7732,3809,-4366,-599
1,605,31627777,773,1762,8002,3128,-2544,-704
1,606,31635223,919,2262,7676,1442,-1102,-308
1,607,31642669,919,2262,7676,790,-654,57
1,608,31650115,1587,2072,6542,-256,95,517
1,609,31657562,455,1094,5546,-642,489,711
1,610,31672454,-651,-405,4845,-1111,922,708
1,611,31679901,-1024,-1840,3707,-851,343,196
1,612,31687347,-1837,-3144,4180,-854,42,-255
1,613,31694793,-931,-965,4783,-1034,70,-529
1,614,31702301,-931,-965,4783,-1198,144,-591
1,615,31709777,169,213,5642,-1563,305,-487
1,616,31717224,1130,247,5683,-1569,308,-305
1,617,31724670,811,-342,5695,-1455,75,-148
1,618,31732116,811,-342,5695,-1520,-177,-98
1,619,31739562,654,-487,5513,-1631,-726,67
1,620,31747009,793,-589,4899,-1724,-995,113
1,621,31754455,934,-959,3715,-1798,-1065,241
1,622,31761901,934,-959,3715,-1728,-908,307
1,623,31769348,250,-1550,2690,-1358,-488,327
1,624,31776794,-714,-1759,2247,-1183,-179,161
1,625,31791687,-846,-1043,2021,-663,473,-103
1,626,31799133,-649,-1319,2212,-356,366,-194
1,627,31806579,-208,-1481,2491,-234,195,-214
1,628,31814025,-204,-1545,2593,-108,5,-289
1,629,31821472,-204,-1545,2593,-75,0,-302
1,630,31828918,-277,-1309,2672,-6,141,-340
1,631,31836364,-153,-1023,3234,41,130,-305
1,632,31843811,202,-799,3855,109,197,-251
1,633,31851257,202,-799,3855,122,205,-233
1,634,31858703,307,-626,4478,125,139,-148
1,635,31866149,230,-761,4774,94,96,-108
1,636,31873596,232,-878,4735,-18,47,-62
1,637,31881042,232,-878,4735,-44,-10,-13
1,638,31888549,391,-1028,4479,-57,-78,59
1,639,31895996,281,-1386,4011,-21,-108,70
1,640,31910980,-6,-1425,3736,53,-99,41
1,641,31918426,-224,-1284,3777,85,-67,22
1,642,31925872,-208,-1083,3804,110,-53,57
1,643,31933319,-161,-974,3858,143,-54,118
1,644,31940765,-161,-974,3858,142,-90,144
1,645,31948272,-57,-854,3954,169,-130,160
1,646,31955718,15,-781,4078,183,-116,136
1,647,31963165,-65,-860,4210,132,-90,94
1,648,31970703,-65,-860,4210,117,-49,55
1,649,31978149,-51,-955,4121,145,-14,14
1,650,31985595,-142,-928,4061,102,77,-8
1,651,31993041,-268,-901,4031,43,265,-54
1,652,32000488,-268,-901,4031,57,300,-51
1,653,32007965,-44,-956,4097,52,290,-34
1,654,32015441,179,-1022,4188,62,218,-32
1,655,32030395,173,-1042,4197,36,-72,49
1,656,32037841,65,-971,4043,17,-95,37
1,657,32045288,21,-972,4071,8,-99,44
1,658,32052734,17,-850,4068,19,-155,25
1,659,32060180,17,-850,4068,27,-150,34
1,660,32067626,-47,-794,4016,23,-108,17
1,661,32075073,128,-862,4094,48,-129,35
1,662,32082519,163,-868,4089,65,-84,66
1,663,32089965,163,-868,4089,48,-48,64
1,664,32097412,107,-891,4076,66,-33,99
1,665,32104858,176,-912,3944,79,6,125
1,666,32112304,106,-908,3968,71,51,157
1,667,32119750,106,-908,3968,64,12,149
1,668,32127197,-97,-956,3930,92,55,132
1,669,32134643,-141,-988,3778,130,62,113
1,670,32149536,-113,-941,3734,204,-34,80
1,671,32156982,-245,-907,3619,244,25,29
1,672,32164428,-246,-890,3671,269,57,11
1,673,32171875,-26,-893,3767,346,114,4
1,674,32179321,-26,-893,3767,376,149,2
1,675,32186767,-26,-917,3994,411,114,-4
1,676,32194213,-5,-859,4164,413,84,9
1,677,32201660,-11,-913,4193,393,57,-2
1,678,32209106,-11,-913,4193,388,67,3
1,679,32216552,17,-882,4274,360,66,40
1,680,32223999,113,-828,4371,352,16,54
1,681,32231445,123,-795,4237,330,-72,84
1,682,32238891,123,-795,4237,323,-12,94
1,683,32246337,116,-795,4133,342,-55,113
1,684,32253784,91,-781,4159,351,-100,125
1,685,32268676,-41,-778,4142,311,-144,121
1,686,32276123,-182,-784,4042,291,-62,91
1,687,32283721,-134,-796,3983,292,-12,72
1,688,32291168,-134,-805,4153,291,80,12
1,689,32298614,-134,-805,4153,292,-42,7
1,690,32306060,-36,-677,4275,294,13,23
1,691,32313507,-79,-695,4234,276,125,18
1,692,32320953,101,-650,4462,230,99,68
1,693,32328491,101,-650,4462,207,93,88
1,694,32335937,197,-684,4428,149,-21,131
1,695,32343383,180,-684,4386,124,-60,153
1,696,32350830,29,-681,4305,88,-84,160
1,697,32358306,29,-681,4305,69,-87,119
1,698,32365753,-155,-493,4297,45,-102,38
1,699,32373260,-150,-590,4008,65,-25,41
1,700,32388244,-177,-693,3862,101,140,40
1,701,32395721,-139,-727,3950,100,152,27
1,702,32403167,-54,-730,4050,109,134,32
1,703,32410614,27,-665,4046,122,104,41
1,704,32418151,27,-665,4046,131,84,45
1,705,32425598,-14,-571,4070,128,69,44
1,706,32433044,-38,-561,4054,130,78,46
1,707,32440490,-84,-572,4085,129,101,25
1,708,32447937,-84,-572,4085,120,83,18
1,709,32455383,-97,-635,4170,91,44,7
1,710,32462860,-199,-670,4254,47,57,-17
1,711,32470306,-180,-631,4129,51,3,-35
1,712,32477752,-180,-631,4129,47,29,-56
1,713,32485229,-123,-708,4009,68,58,-80
1,714,32492675,-60,-735,4003,81,59,-75
1,715,32507598,9,-764,3907,113,172,-43
1,716,32515045,25,-673,4178,117,33,-17
1,717,32522644,68,-616,4140,116,45,-2
1,718,32530090,107,-589,4214,100,2,30
1,719,32537536,107,-589,4214,87,-12,42
1,720,32544982,-65,-570,4278,46,-17,15
1,721,32552459,-238,-546,4169,55,-27,-5
1,722,32559906,-247,-593,4101,44,40,-33
1,723,32567352,-247,-593,4101,28,70,-56
1,724,32574798,-294,-572,4155,15,142,-99
1,725,32582244,-177,-505,4170,5,173,-112
1,726,32589691,-88,-508,4173,10,145,-126
1,727,32597167,-88,-508,4173,10,125,-117
1,728,32604614,-39,-546,4150,9,73,-90
1,729,32612060,-27,-553,4118,15,55,-84
1,730,32627014,-21,-497,4130,40,97,-48
1,731,32634490,46,-465,4276,20,54,-16
1,732,32642028,99,-453,4396,2,26,22
1,733,32649475,76,-474,4449,-45,-65,57
1,734,32656921,76,-474,4449,-76,-123,78
1,735,32664367,23,-454,4397,-128,-184,105
1,736,32671813,-141,-566,4189,-127,-213,86
1,737,32679260,-327,-727,3840,-116,-130,17
1,738,32686767,-327,-727,3840,-87,-49,-35
1,739,32694213,-313,-849,3663,-5,26,-58
1,740,32701660,-206,-961,3739,16,49,-56
1,741,32709106,-103,-888,4007,12,-61,-61
1,742,32716552,-103,-888,4007,15,-123,-65
1,743,32724090,-38,-751,4033,44,-145,-73
1,744,32731567,-2,-604,3934,61,-108,-68
1,745,32746459,53,-549,4025,109,15,-24
1,746,32753906,87,-523,4206,83,-4,12
1,747,32761444,85,-530,4352,61,-43,34
1,748,32768890,20,-601,4169,63,-75,52
1,749,32776519,20,-601,4169,65,-39,54
1,750,32791412,-82,-606,4110,58,32,38
1,751,32798858,-90,-605,4170,43,-30,24
1,752,32806304,-90,-605,4170,38,-70,24
1,753,32813751,-46,-645,4131,35,-85,16
1,754,32821258,-60,-598,4073,33,-64,17
1,755,32828704,-113,-580,4120,34,-44,6
1,756,32836151,-113,-580,4120,34,-62,1
1,757,32843597,-118,-593,4186,16,-105,-20
1,758,32851043,-137,-596,4164,7,-122,-29
1,759,32858489,-121,-598,4090,14,-132,-50
1,760,32866027,-121,-598,4090,20,-117,-58
1,761,32873474,-91,-669,3989,58,-36,-53
1,762,32880920,-196,-742,3823,92,37,-57
1,763,32888366,-165,-727,3867,119,152,-74
1,764,32895812,-165,-727,3867,136,171,-80
1,765,32910705,15,-670,4016,176,129,-82
1,766,32918151,-32,-711,3942,230,109,-79
1,767,32925598,-32,-711,3942,228,107,-95
1,768,32933044,-58,-595,4082,225,81,-93
1,769,32940490,-8,-464,4133,242,94,-74
1,770,32947937,22,-447,4183,252,137,-47
1,771,32955383,22,-447,4183,252,131,-60
1,772,32962829,51,-352,4213,237,131,-43
1,773,32970275,12,-317,4204,227,139,-47
1,774,32977722,-144,-312,4335,163,184,-83
1,775,32985168,-144,-312,4335,132,170,-99
1,776,32992614,-198,-328,4294,144,137,-132
1,777,33000061,-229,-432,4033,155,145,-150
1,778,33007507,-207,-497,3933,185,179,-185
1,779,33014953,-207,-497,3933,188,218,-188
1,780,33029846,-63,-468,4161,193,176,-171
1,781,33037292,-35,-471,4106,210,128,-159
1,782,33044738,-35,-471,4106,213,126,-144
1,783,33052185,65,-419,4141,202,96,-91
1,784,33059631,171,-375,4222,195,70,-58
1,785,33067077,206,-360,4305,250,49,15
1,786,33074523,206,-360,4305,244,-3,53
1,787,33081970,117,-353,4407,159,-44,95
1,788,33089416,-40,-348,4326,123,-26,103
1,789,33096893,-285,-367,4302,43,-1,78
1,790,33104339,-285,-367,4302,26,7,57
1,791,33111785,-280,-399,4116,35,19,21
1,792,33119232,-176,-398,4032,54,8,15
1,793,33126678,-197,-407,4021,89,2,-9
1,794,33134124,-197,-407,4021,108,7,-18
1,795,33149017,-86,-492,4101,129,-104,-20
1,796,33156463,-67,-375,4104,143,-135,-16
1,797,33163909,-67,-375,4104,142,-125,-10
1,798,33171356,-28,-310,4170,127,-105,17
1,799,33178802,-54,-277,4199,123,-113,28
1,800,33186248,-86,-289,4212,94,-91,34
1,801,33193695,-86,-289,4212,74,-70,40
1,802,33201141,-77,-341,4222,37,-32,36
1,803,33208587,-112,-340,4196,22,-20,36
1,804,33216033,-78,-346,4169,10,-9,36
1,805,33230926,-106,-367,4106,18,-19,18
1,806,33238372,-98,-345,4070,31,-32,16
1,807,33245819,-104,-352,4075,61,-55,11
1,808,33253265,-104,-352,4075,72,-66,4
1,809,33260711,-107,-384,4082,93,-87,-1
1,810,33268157,-145,-352,4131,96,-96,-5
1,811,33275604,-147,-383,4152,97,-91,-26
1,812,33283050,-147,-383,4152,92,-83,-28
1,813,33290496,-81,-380,4172,75,-71,-27
1,814,33297943,-11,-344,4225,60,-58,-15
1,815,33312896,61,-256,4246,-5,6,30
1,816,33320373,62,-246,4267,-56,54,50
1,817,33327819,20,-395,4199,-72,64,47
1,818,33335266,46,-440,4085,-61,59,46
1,819,33342712,46,-440,4085,-45,45,49
1,820,33350158,-43,-471,4021,-14,12,28
1,821,33357604,-189,-423,4058,3,-24,15
1,822,33365051,-231,-224,4060,50,-58,9
1,823,33372497,-231,-224,4060,63,-46,-2
1,824,33379943,-178,-215,4110,70,-55,-17
1,825,33394836,-225,-254,4278,7,-9,-74
1,826,33402282,-225,-254,4278,-11,16,-93
1,827,33409729,-80,-317,4170,-21,29,-76
1,828,33417175,-55,-297,4086,-11,24,-69
1,829,33424621,-32,-327,4067,20,5,-72
1,830,33432067,-32,-327,4067,28,-7,-62
1,831,33439514,42,-325,4145,33,-34,-53
1,832,33446960,-120,-344,4150,31,-31,-59
1,833,33454406,-123,-394,4155,29,-21,-64
1,834,33461853,-123,-394,4155,27,-19,-54
1,835,33476745,95,-299,4131,29,-13,-8
1,836,33484191,119,-317,4124,36,-6,43
1,837,33491638,119,-317,4124,33,-11,59
1,838,33499084,65,-270,4144,37,-42,85
1,839,33506530,-34,-257,4167,33,-37,75
1,840,33513977,-179,-249,4123,31,-32,47
1,841,33521423,-179,-249,4123,41,-39,30
1,842,33528869,-189,-281,4108,55,-49,-6
1,843,33536315,-138,-320,4088,72,-63,-22
1,844,33543884,-59,-319,4091,94,-85,-41
1,845,24599517,97,-42,4150,-3,4,1
1,846,24606964,104,-42,4150,-1,5,1
1,847,24614410,105,-38,4143,-3,5,1
1,848,24621917,101,-40,4148,-3,7,-1
1,849,24629364,101,-40,4148,-4,6,0
1,850,24636810,104,-41,4150,-2,4,2
1,851,24644256,102,-44,4147,-2,1,2
1,852,24651702,103,-40,4149,0,5,0
1,853,24659149,103,-40,4149,-2,3,0
1,854,24666656,100,-39,4150,-2,4,-1
1,855,24681549,106,-38,4146,-1,4,3
1,856,24688995,106,-38,4146,-2,4,0
1,857,24696441,107,-35,4148,-1,3,0
1,858,24703887,102,-40,4147,-1,3,3
1,859,24711334,102,-40,4150,-2,7,-1
1,860,24718780,102,-40,4150,0,5,2
1,861,24726226,102,-44,4157,-3,4,0
1,862,24733734,103,-45,4152,-1,4,-1
1,863,24741180,99,-39,4154,-3,4,-1
1,864,24748626,99,-39,4154,-1,3,2
1,865,24763519,98,-38,4152,-2,5,2
1,866,24770965,99,-38,4152,-1,5,1
1,867,24778411,99,-38,4152,-3,6,1
1,868,24785858,100,-42,4158,-3,4,1
1,869,24793304,99,-37,4149,-4,6,-1
1,870,24800750,97,-35,4155,0,5,3
1,871,24808197,97,-35,4155,0,4,2
1,872,24815643,103,-39,4149,-3,4,1
1,873,24823089,101,-38,4153,-2,5,1
1,874,24830535,101,-42,4152,-4,3,3
1,875,24845428,100,-39,4146,-1,3,3
1,876,24852874,100,-42,4145,-2,3,3
1,877,24860321,102,-40,4146,-2,4,-1
1,878,24867767,102,-40,4146,-2,5,-2
1,879,24875244,94,-41,4150,-2,6,1
1,880,24882690,105,-38,4146,-2,3,2
1,881,24890136,101,-39,4148,-1,4,0
1,882,24897583,101,-39,4148,2,3,2
1,883,24905029,103,-39,4149,-2,4,0
1,884,24912475,109,-43,4148,-3,5,-1
1,885,24927368,95,-40,4144,-2,4,1
1,886,24934814,99,-41,4148,-6,5,3
1,887,24942260,103,-39,4155,-2,4,0
1,888,24949707,103,-32,4150,-3,3,1
1,889,24957153,103,-32,4150,-2,3,0
1,890,24964599,102,-34,4152,-1,3,-1
1,891,24972045,102,-40,4153,-1,4,0
1,892,24979492,103,-41,4154,-2,6,0
1,893,24986938,103,-41,4154,-2,4,3
1,894,24994384,107,-38,4152,-3,4,-1
1,895,25009277,96,-36,4152,0,4,0
1,896,25016723,96,-36,4152,-1,3,0
1,897,25024169,100,-44,4148,-2,4,-1
1,898,25031616,102,-38,4144,-4,5,1
1,899,25039062,101,-40,4150,-2,4,0
1,900,25046508,101,-40,4150,0,1,0
1,901,25053955,104,-41,4143,-3,7,1
1,902,25061401,104,-36,4151,-2,4,1
1,903,25068847,104,-32,4156,-3,3,3
1,904,25076293,104,-32,4156,-1,5,3
1,905,25091186,99,-40,4150,-2,5,3
1,906,25098632,108,-38,4149,-4,6,0
1,907,25106079,108,-38,4149,-2,3,0
1,908,25113525,101,-43,4151,-3,4,2
1,909,25120971,97,-35,4155,-4,4,0
1,910,25128417,95,-37,4150,-2,4,2
1,911,25135864,95,-37,4150,-2,5,-1
1,912,25143310,103,-42,4146,-1,5,1
1,913,25150756,108,-45,4149,-2,2,1
1,914,25158203,100,-38,4145,-2,8,0
1,915,25173095,105,-41,4150,-1,5,2
1,916,25180541,108,-39,4149,0,3,3
1,917,25187988,105,-38,4145,-2,7,0
1,918,25195434,105,-38,4145,-3,4,3
1,919,25202880,101,-44,4153,-2,3,-1
1,920,25210327,103,-45,4152,-2,3,1
1,921,25217773,99,-43,4148,-2,6,2
1,922,25225219,99,-43,4148,-2,5,0
1,923,25232666,99,-37,4147,-2,0,1
1,924,25240112,105,-36,4152,-3,5,-1
1,925,25255004,103,-41,4149,-2,5,-2
1,926,25262451,102,-38,4147,-2,5,1
1,927,25269897,108,-41,4151,-2,4,3
1,928,25277343,102,-37,4144,-2,3,2
1,929,25284790,102,-37,4144,-4,4,2
1,930,25299743,93,-41,4156,-2,7,1
1,931,25307189,104,-43,4145,-2,3,1
1,932,25314636,104,-43,4145,-4,6,-1
1,933,25322082,110,-43,4146,-3,5,2
1,934,25329589,100,-37,4150,-4,5,1
1,935,25344482,100,-36,4149,-3,5,1
1,936,25351928,108,-39,4149,-1,4,0
1,937,25359375,102,-33,4147,-3,3,0
1,938,25366821,91,-34,4145,-1,4,-1
1,939,25374267,91,-34,4145,-1,2,2
1,940,25381713,96,-47,4149,-1,6,2
1,941,25389160,104,-47,4145,-1,4,2
1,942,25396606,102,-41,4150,-1,2,1
1,943,25404052,102,-41,4150,-1,5,2
1,944,25411499,101,-35,4151,-3,5,1
1,945,25426391,97,-40,4146,-3,4,1
1,946,25433837,97,-40,4146,-2,4,1
1,947,25441406,101,-37,4154,-4,5,-1
1,948,25448852,105,-37,4157,-1,4,2
1,949,25456298,105,-43,4154,-2,4,3
1,950,25463745,105,-43,4154,-2,6,0
1,951,25471191,98,-43,4150,-3,5,1
1,952,25478637,100,-38,4146,-2,7,0
1,953,25486083,100,-36,4150,-2,5,-1
1,954,25493530,100,-36,4150,0,4,1
