x-axis,1
second,Volt
-5.000000E-03,+3.151939733E+00
-4.995000E-03,+3.154954808E+00
-4.990000E-03,+3.153949783E+00
-4.985000E-03,+3.155959833E+00
-4.980000E-03,+3.155959833E+00
-4.975000E-03,+3.151939733E+00
-4.970000E-03,+3.151939733E+00
-4.965000E-03,+3.152944758E+00
-4.960000E-03,+3.155959833E+00
-4.955000E-03,+3.146914607E+00
-4.950000E-03,+3.153949783E+00
-4.945000E-03,+3.155959833E+00
-4.940000E-03,+3.155959833E+00
-4.935000E-03,+3.154954808E+00
-4.930000E-03,+3.192140738E+00
-4.925000E-03,+3.153949783E+00
-4.920000E-03,+3.159979934E+00
-4.915000E-03,+3.158974909E+00
-4.910000E-03,+3.157969884E+00
-4.905000E-03,+3.155959833E+00
-4.900000E-03,+3.159979934E+00
-4.895000E-03,+3.151939733E+00
-4.890000E-03,+3.153949783E+00
-4.885000E-03,+3.160984959E+00
-4.880000E-03,+3.155959833E+00
-4.875000E-03,+3.153949783E+00
-4.870000E-03,+3.157969884E+00
-4.865000E-03,+3.157969884E+00
-4.860000E-03,+3.164000034E+00
-4.855000E-03,+3.156964859E+00
-4.850000E-03,+3.153949783E+00
-4.845000E-03,+3.154954808E+00
-4.840000E-03,+3.155959833E+00
-4.835000E-03,+3.153949783E+00
-4.830000E-03,+3.151939733E+00
-4.825000E-03,+3.158974909E+00
-4.820000E-03,+3.155959833E+00
-4.815000E-03,+3.152944758E+00
-4.810000E-03,+3.155959833E+00
-4.805000E-03,+3.152944758E+00
-4.800000E-03,+3.151939733E+00
-4.795000E-03,+3.145909582E+00
-4.790000E-03,+3.153949783E+00
-4.785000E-03,+3.186110587E+00
-4.780000E-03,+3.151939733E+00
-4.775000E-03,+3.154954808E+00
-4.770000E-03,+3.153949783E+00
-4.765000E-03,+3.154954808E+00
-4.760000E-03,+3.155959833E+00
-4.755000E-03,+3.148924658E+00
-4.750000E-03,+3.157969884E+00
-4.745000E-03,+3.146914607E+00
-4.740000E-03,+3.139879432E+00
-4.735000E-03,+3.155959833E+00
-4.730000E-03,+3.151939733E+00
-4.725000E-03,+3.160984959E+00
-4.720000E-03,+3.151939733E+00
-4.715000E-03,+3.150934708E+00
-4.710000E-03,+3.147919632E+00
-4.705000E-03,+3.143899532E+00
-4.700000E-03,+3.147919632E+00
-4.695000E-03,+3.156964859E+00
-4.690000E-03,+3.151939733E+00
-4.685000E-03,+3.150934708E+00
-4.680000E-03,+3.107718628E+00
-4.675000E-03,+3.156964859E+00
-4.670000E-03,+3.151939733E+00
-4.665000E-03,+3.149929683E+00
-4.660000E-03,+3.151939733E+00
-4.655000E-03,+3.151939733E+00
-4.650000E-03,+3.151939733E+00
-4.645000E-03,+3.152944758E+00
-4.640000E-03,+3.155959833E+00
-4.635000E-03,+3.146914607E+00
-4.630000E-03,+3.151939733E+00
-4.625000E-03,+3.150934708E+00
-4.620000E-03,+3.151939733E+00
-4.615000E-03,+3.155959833E+00
-4.610000E-03,+3.153949783E+00
-4.605000E-03,+3.151939733E+00
-4.600000E-03,+3.147919632E+00
-4.595000E-03,+3.160984959E+00
-4.590000E-03,+3.151939733E+00
-4.585000E-03,+3.154954808E+00
-4.580000E-03,+3.168020135E+00
-4.575000E-03,+3.154954808E+00
-4.570000E-03,+3.151939733E+00
-4.565000E-03,+3.154954808E+00
-4.560000E-03,+3.159979934E+00
-4.555000E-03,+3.152944758E+00
-4.550000E-03,+3.155959833E+00
-4.545000E-03,+3.151939733E+00
-4.540000E-03,+3.151939733E+00
-4.535000E-03,+3.164000034E+00
-4.530000E-03,+3.147919632E+00
-4.525000E-03,+3.151939733E+00
-4.520000E-03,+3.147919632E+00
-4.515000E-03,+3.151939733E+00
-4.510000E-03,+3.155959833E+00
-4.505000E-03,+3.152944758E+00
-4.500000E-03,+3.147919632E+00
-4.495000E-03,+3.146914607E+00
-4.490000E-03,+3.151939733E+00
-4.485000E-03,+3.151939733E+00
-4.480000E-03,+3.151939733E+00
-4.475000E-03,+3.154954808E+00
-4.470000E-03,+3.151939733E+00
-4.465000E-03,+3.151939733E+00
-4.460000E-03,+3.159979934E+00
-4.455000E-03,+3.150934708E+00
-4.450000E-03,+3.153949783E+00
-4.445000E-03,+3.153949783E+00
-4.440000E-03,+3.151939733E+00
-4.435000E-03,+3.145909582E+00
-4.430000E-03,+3.147919632E+00
-4.425000E-03,+3.144904557E+00
-4.420000E-03,+3.151939733E+00
-4.415000E-03,+3.153949783E+00
-4.410000E-03,+3.151939733E+00
-4.405000E-03,+3.151939733E+00
-4.400000E-03,+3.155959833E+00
-4.395000E-03,+3.149929683E+00
-4.390000E-03,+3.151939733E+00
-4.385000E-03,+3.155959833E+00
-4.380000E-03,+3.147919632E+00
-4.375000E-03,+3.153949783E+00
-4.370000E-03,+3.161989984E+00
-4.365000E-03,+3.157969884E+00
-4.360000E-03,+3.155959833E+00
-4.355000E-03,+3.148924658E+00
-4.350000E-03,+3.151939733E+00
-4.345000E-03,+3.157969884E+00
-4.340000E-03,+3.143899532E+00
-4.335000E-03,+3.151939733E+00
-4.330000E-03,+3.155959833E+00
-4.325000E-03,+3.153949783E+00
-4.320000E-03,+3.155959833E+00
-4.315000E-03,+3.156964859E+00
-4.310000E-03,+3.149929683E+00
-4.305000E-03,+3.150934708E+00
-4.300000E-03,+3.151939733E+00
-4.295000E-03,+3.153949783E+00
-4.290000E-03,+3.151939733E+00
-4.285000E-03,+3.151939733E+00
-4.280000E-03,+3.151939733E+00
-4.275000E-03,+3.150934708E+00
-4.270000E-03,+3.159979934E+00
-4.265000E-03,+3.148924658E+00
-4.260000E-03,+3.164000034E+00
-4.255000E-03,+3.145909582E+00
-4.250000E-03,+3.149929683E+00
-4.245000E-03,+3.157969884E+00
-4.240000E-03,+3.155959833E+00
-4.235000E-03,+3.150934708E+00
-4.230000E-03,+3.147919632E+00
-4.225000E-03,+3.158974909E+00
-4.220000E-03,+3.147919632E+00
-4.215000E-03,+3.147919632E+00
-4.210000E-03,+3.151939733E+00
-4.205000E-03,+3.150934708E+00
-4.200000E-03,+3.155959833E+00
-4.195000E-03,+3.152944758E+00
-4.190000E-03,+3.147919632E+00
-4.185000E-03,+3.151939733E+00
-4.180000E-03,+3.151939733E+00
-4.175000E-03,+3.151939733E+00
-4.170000E-03,+3.149929683E+00
-4.165000E-03,+3.152944758E+00
-4.160000E-03,+3.151939733E+00
-4.155000E-03,+3.150934708E+00
-4.150000E-03,+3.147919632E+00
-4.145000E-03,+3.151939733E+00
-4.140000E-03,+3.168020135E+00
-4.135000E-03,+3.151939733E+00
-4.130000E-03,+3.153949783E+00
-4.125000E-03,+3.149929683E+00
-4.120000E-03,+3.159979934E+00
-4.115000E-03,+3.151939733E+00
-4.110000E-03,+3.145909582E+00
-4.105000E-03,+3.154954808E+00
-4.100000E-03,+3.159979934E+00
-4.095000E-03,+3.162995009E+00
-4.090000E-03,+3.153949783E+00
-4.085000E-03,+3.188120637E+00
-4.080000E-03,+3.147919632E+00
-4.075000E-03,+3.155959833E+00
-4.070000E-03,+3.159979934E+00
-4.065000E-03,+3.155959833E+00
-4.060000E-03,+3.151939733E+00
-4.055000E-03,+3.151939733E+00
-4.050000E-03,+3.151939733E+00
-4.045000E-03,+3.153949783E+00
-4.040000E-03,+3.151939733E+00
-4.035000E-03,+3.148924658E+00
-4.030000E-03,+3.151939733E+00
-4.025000E-03,+3.114753804E+00
-4.020000E-03,+3.147919632E+00
-4.015000E-03,+3.154954808E+00
-4.010000E-03,+3.151939733E+00
-4.005000E-03,+3.150934708E+00
-4.000000E-03,+3.143899532E+00
-3.995000E-03,+3.150934708E+00
-3.990000E-03,+3.151939733E+00
-3.985000E-03,+3.151939733E+00
-3.980000E-03,+3.151939733E+00
-3.975000E-03,+3.150934708E+00
-3.970000E-03,+3.153949783E+00
-3.965000E-03,+3.133849281E+00
-3.960000E-03,+3.151939733E+00
-3.955000E-03,+3.155959833E+00
-3.950000E-03,+3.153949783E+00
-3.945000E-03,+3.152944758E+00
-3.940000E-03,+3.155959833E+00
-3.935000E-03,+3.151939733E+00
-3.930000E-03,+3.149929683E+00
-3.925000E-03,+3.150934708E+00
-3.920000E-03,+3.151939733E+00
-3.915000E-03,+3.151939733E+00
-3.910000E-03,+3.151939733E+00
-3.905000E-03,+3.153949783E+00
-3.900000E-03,+3.155959833E+00
-3.895000E-03,+3.188120637E+00
-3.890000E-03,+3.155959833E+00
-3.885000E-03,+3.152944758E+00
-3.880000E-03,+3.151939733E+00
-3.875000E-03,+3.152944758E+00
-3.870000E-03,+3.151939733E+00
-3.865000E-03,+3.147919632E+00
-3.860000E-03,+3.151939733E+00
-3.855000E-03,+3.148924658E+00
-3.850000E-03,+3.157969884E+00
-3.845000E-03,+3.154954808E+00
-3.840000E-03,+3.151939733E+00
-3.835000E-03,+3.148924658E+00
-3.830000E-03,+3.153949783E+00
-3.825000E-03,+3.155959833E+00
-3.820000E-03,+3.147919632E+00
-3.815000E-03,+3.154954808E+00
-3.810000E-03,+3.151939733E+00
-3.805000E-03,+3.148924658E+00
-3.800000E-03,+3.155959833E+00
-3.795000E-03,+3.154954808E+00
-3.790000E-03,+3.151939733E+00
-3.785000E-03,+3.154954808E+00
-3.780000E-03,+3.159979934E+00
-3.775000E-03,+3.149929683E+00
-3.770000E-03,+3.155959833E+00
-3.765000E-03,+3.155959833E+00
-3.760000E-03,+3.164000034E+00
-3.755000E-03,+3.152944758E+00
-3.750000E-03,+3.151939733E+00
-3.745000E-03,+3.151939733E+00
-3.740000E-03,+3.155959833E+00
-3.735000E-03,+3.154954808E+00
-3.730000E-03,+3.151939733E+00
-3.725000E-03,+3.153949783E+00
-3.720000E-03,+3.164000034E+00
-3.715000E-03,+3.148924658E+00
-3.710000E-03,+3.149929683E+00
-3.705000E-03,+3.143899532E+00
-3.700000E-03,+3.147919632E+00
-3.695000E-03,+3.151939733E+00
-3.690000E-03,+3.157969884E+00
-3.685000E-03,+3.148924658E+00
-3.680000E-03,+3.151939733E+00
-3.675000E-03,+3.143899532E+00
-3.670000E-03,+3.176060336E+00
-3.665000E-03,+3.151939733E+00
-3.660000E-03,+3.151939733E+00
-3.655000E-03,+3.165005059E+00
-3.650000E-03,+3.153949783E+00
-3.645000E-03,+3.155959833E+00
-3.640000E-03,+3.155959833E+00
-3.635000E-03,+3.154954808E+00
-3.630000E-03,+3.151939733E+00
-3.625000E-03,+3.151939733E+00
-3.620000E-03,+3.155959833E+00
-3.615000E-03,+3.156964859E+00
-3.610000E-03,+3.153949783E+00
-3.605000E-03,+3.154954808E+00
-3.600000E-03,+3.151939733E+00
-3.595000E-03,+3.154954808E+00
-3.590000E-03,+3.155959833E+00
-3.585000E-03,+3.155959833E+00
-3.580000E-03,+3.155959833E+00
-3.575000E-03,+3.189125662E+00
-3.570000E-03,+3.157969884E+00
-3.565000E-03,+3.152944758E+00
-3.560000E-03,+3.155959833E+00
-3.555000E-03,+3.143899532E+00
-3.550000E-03,+3.151939733E+00
-3.545000E-03,+3.151939733E+00
-3.540000E-03,+3.151939733E+00
-3.535000E-03,+3.159979934E+00
-3.530000E-03,+3.151939733E+00
-3.525000E-03,+3.152944758E+00
-3.520000E-03,+3.147919632E+00
-3.515000E-03,+3.158974909E+00
-3.510000E-03,+3.153949783E+00
-3.505000E-03,+3.146914607E+00
-3.500000E-03,+3.147919632E+00
-3.495000E-03,+3.152944758E+00
-3.490000E-03,+3.151939733E+00
-3.485000E-03,+3.155959833E+00
-3.480000E-03,+3.155959833E+00
-3.475000E-03,+3.153949783E+00
-3.470000E-03,+3.149929683E+00
-3.465000E-03,+3.151939733E+00
-3.460000E-03,+3.164000034E+00
-3.455000E-03,+3.152944758E+00
-3.450000E-03,+3.151939733E+00
-3.445000E-03,+3.155959833E+00
-3.440000E-03,+3.147919632E+00
-3.435000E-03,+3.152944758E+00
-3.430000E-03,+3.151939733E+00
-3.425000E-03,+3.147919632E+00
-3.420000E-03,+3.151939733E+00
-3.415000E-03,+3.150934708E+00
-3.410000E-03,+3.151939733E+00
-3.405000E-03,+3.154954808E+00
-3.400000E-03,+3.151939733E+00
-3.395000E-03,+3.146914607E+00
-3.390000E-03,+3.151939733E+00
-3.385000E-03,+3.160984959E+00
-3.380000E-03,+3.147919632E+00
-3.375000E-03,+3.156964859E+00
-3.370000E-03,+3.151939733E+00
-3.365000E-03,+3.182090486E+00
-3.360000E-03,+3.159979934E+00
-3.355000E-03,+3.140884457E+00
-3.350000E-03,+3.151939733E+00
-3.345000E-03,+3.153949783E+00
-3.340000E-03,+3.151939733E+00
-3.335000E-03,+3.153949783E+00
-3.330000E-03,+3.151939733E+00
-3.325000E-03,+3.168020135E+00
-3.320000E-03,+3.151939733E+00
-3.315000E-03,+3.153949783E+00
-3.310000E-03,+3.151939733E+00
-3.305000E-03,+3.151939733E+00
-3.300000E-03,+3.151939733E+00
-3.295000E-03,+3.157969884E+00
-3.290000E-03,+3.153949783E+00
-3.285000E-03,+3.150934708E+00
-3.280000E-03,+3.172040235E+00
-3.275000E-03,+3.158974909E+00
-3.270000E-03,+3.149929683E+00
-3.265000E-03,+3.151939733E+00
-3.260000E-03,+3.155959833E+00
-3.255000E-03,+3.152944758E+00
-3.250000E-03,+3.157969884E+00
-3.245000E-03,+3.150934708E+00
-3.240000E-03,+3.147919632E+00
-3.235000E-03,+3.155959833E+00
-3.230000E-03,+3.151939733E+00
-3.225000E-03,+3.159979934E+00
-3.220000E-03,+3.151939733E+00
-3.215000E-03,+3.146914607E+00
-3.210000E-03,+3.155959833E+00
-3.205000E-03,+3.151939733E+00
-3.200000E-03,+3.147919633E+00
-3.195000E-03,+3.151939733E+00
-3.190000E-03,+3.151939733E+00
-3.185000E-03,+3.146914607E+00
-3.180000E-03,+3.155959833E+00
-3.175000E-03,+3.152944758E+00
-3.170000E-03,+3.151939733E+00
-3.165000E-03,+3.185105562E+00
-3.160000E-03,+3.147919632E+00
-3.155000E-03,+3.154954808E+00
-3.150000E-03,+3.151939733E+00
-3.145000E-03,+3.155959833E+00
-3.140000E-03,+3.147919632E+00
-3.135000E-03,+3.151939733E+00
-3.130000E-03,+3.153949783E+00
-3.125000E-03,+3.149929683E+00
-3.120000E-03,+3.147919632E+00
-3.115000E-03,+3.152944758E+00
-3.110000E-03,+3.153949783E+00
-3.105000E-03,+3.151939733E+00
-3.100000E-03,+3.151939733E+00
-3.095000E-03,+3.167015110E+00
-3.090000E-03,+3.151939733E+00
-3.085000E-03,+3.151939733E+00
-3.080000E-03,+3.155959833E+00
-3.075000E-03,+3.151939733E+00
-3.070000E-03,+3.155959833E+00
-3.065000E-03,+3.155959833E+00
-3.060000E-03,+3.147919632E+00
-3.055000E-03,+3.152944758E+00
-3.050000E-03,+3.155959833E+00
-3.045000E-03,+3.155959833E+00
-3.040000E-03,+3.155959833E+00
-3.035000E-03,+3.154954808E+00
-3.030000E-03,+3.153949783E+00
-3.025000E-03,+3.147919632E+00
-3.020000E-03,+3.143899532E+00
-3.015000E-03,+3.154954808E+00
-3.010000E-03,+3.149929683E+00
-3.005000E-03,+3.152944758E+00
-3.000000E-03,+3.159979934E+00
-2.995000E-03,+3.152944758E+00
-2.990000E-03,+3.159979934E+00
-2.985000E-03,+3.147919632E+00
-2.980000E-03,+3.143899532E+00
-2.975000E-03,+3.152944758E+00
-2.970000E-03,+3.147919632E+00
-2.965000E-03,+3.146914607E+00
-2.960000E-03,+3.147919632E+00
-2.955000E-03,+3.142894507E+00
-2.950000E-03,+3.155959833E+00
-2.945000E-03,+3.170030185E+00
-2.940000E-03,+3.143899532E+00
-2.935000E-03,+3.147919632E+00
-2.930000E-03,+3.143899532E+00
-2.925000E-03,+3.141889482E+00
-2.920000E-03,+3.155959833E+00
-2.915000E-03,+3.160984959E+00
-2.910000E-03,+3.141889482E+00
-2.905000E-03,+3.136864356E+00
-2.900000E-03,+3.151939733E+00
-2.895000E-03,+3.147919632E+00
-2.890000E-03,+3.147919632E+00
-2.885000E-03,+3.150934708E+00
-2.880000E-03,+3.151939733E+00
-2.875000E-03,+3.148924658E+00
-2.870000E-03,+3.151939733E+00
-2.865000E-03,+3.152944758E+00
-2.860000E-03,+3.159979934E+00
-2.855000E-03,+3.159979934E+00
-2.850000E-03,+3.153949783E+00
-2.845000E-03,+3.157969884E+00
-2.840000E-03,+3.151939733E+00
-2.835000E-03,+3.158974909E+00
-2.830000E-03,+3.155959833E+00
-2.825000E-03,+3.158974909E+00
-2.820000E-03,+3.155959833E+00
-2.815000E-03,+3.156964859E+00
-2.810000E-03,+3.155959833E+00
-2.805000E-03,+3.152944758E+00
-2.800000E-03,+3.139879432E+00
-2.795000E-03,+3.157969884E+00
-2.790000E-03,+3.157969884E+00
-2.785000E-03,+3.157969884E+00
-2.780000E-03,+3.155959833E+00
-2.775000E-03,+3.161989984E+00
-2.770000E-03,+3.157969884E+00
-2.765000E-03,+3.158974909E+00
-2.760000E-03,+3.155959833E+00
-2.755000E-03,+3.155959833E+00
-2.750000E-03,+3.159979934E+00
-2.745000E-03,+3.160984959E+00
-2.740000E-03,+3.151939733E+00
-2.735000E-03,+3.158974909E+00
-2.730000E-03,+3.153949783E+00
-2.725000E-03,+3.155959833E+00
-2.720000E-03,+3.151939733E+00
-2.715000E-03,+3.143899532E+00
-2.710000E-03,+3.151939733E+00
-2.705000E-03,+3.151939733E+00
-2.700000E-03,+3.151939733E+00
-2.695000E-03,+3.156964859E+00
-2.690000E-03,+3.153949783E+00
-2.685000E-03,+3.136864356E+00
-2.680000E-03,+3.147919632E+00
-2.675000E-03,+3.154954808E+00
-2.670000E-03,+3.153949783E+00
-2.665000E-03,+3.150934708E+00
-2.660000E-03,+3.155959833E+00
-2.655000E-03,+3.151939733E+00
-2.650000E-03,+3.153949783E+00
-2.645000E-03,+3.149929683E+00
-2.640000E-03,+3.151939733E+00
-2.635000E-03,+3.150934708E+00
-2.630000E-03,+3.149929683E+00
-2.625000E-03,+3.151939733E+00
-2.620000E-03,+3.147919632E+00
-2.615000E-03,+3.148924658E+00
-2.610000E-03,+3.153949783E+00
-2.605000E-03,+3.154954808E+00
-2.600000E-03,+3.147919632E+00
-2.595000E-03,+3.152944758E+00
-2.590000E-03,+3.166010085E+00
-2.585000E-03,+3.151939733E+00
-2.580000E-03,+3.155959833E+00
-2.575000E-03,+3.150934708E+00
-2.570000E-03,+3.151939733E+00
-2.565000E-03,+3.154954808E+00
-2.560000E-03,+3.151939733E+00
-2.555000E-03,+3.148924658E+00
-2.550000E-03,+3.153949783E+00
-2.545000E-03,+3.155959833E+00
-2.540000E-03,+3.155959833E+00
-2.535000E-03,+3.154954808E+00
-2.530000E-03,+3.153949783E+00
-2.525000E-03,+3.155959833E+00
-2.520000E-03,+3.151939733E+00
-2.515000E-03,+3.157969884E+00
-2.510000E-03,+3.151939733E+00
-2.505000E-03,+3.151939733E+00
-2.500000E-03,+3.151939733E+00
-2.495000E-03,+3.150934708E+00
-2.490000E-03,+3.153949783E+00
-2.485000E-03,+3.162995009E+00
-2.480000E-03,+3.151939733E+00
-2.475000E-03,+3.152944758E+00
-2.470000E-03,+3.131839231E+00
-2.465000E-03,+3.151939733E+00
-2.460000E-03,+3.159979934E+00
-2.455000E-03,+3.151939733E+00
-2.450000E-03,+3.151939733E+00
-2.445000E-03,+3.152944758E+00
-2.440000E-03,+3.159979934E+00
-2.435000E-03,+3.152944758E+00
-2.430000E-03,+3.153949783E+00
-2.425000E-03,+3.161989984E+00
-2.420000E-03,+3.147919632E+00
-2.415000E-03,+3.148924658E+00
-2.410000E-03,+3.155959833E+00
-2.405000E-03,+3.151939733E+00
-2.400000E-03,+3.155959833E+00
-2.395000E-03,+3.151939733E+00
-2.390000E-03,+3.153949783E+00
-2.385000E-03,+3.150934708E+00
-2.380000E-03,+3.147919632E+00
-2.375000E-03,+3.157969884E+00
-2.370000E-03,+3.155959833E+00
-2.365000E-03,+3.158974909E+00
-2.360000E-03,+3.151939733E+00
-2.355000E-03,+3.154954808E+00
-2.350000E-03,+3.153949783E+00
-2.345000E-03,+3.154954808E+00
-2.340000E-03,+3.155959833E+00
-2.335000E-03,+3.154954808E+00
-2.330000E-03,+3.155959833E+00
-2.325000E-03,+3.149929683E+00
-2.320000E-03,+3.151939733E+00
-2.315000E-03,+3.150934708E+00
-2.310000E-03,+3.170030185E+00
-2.305000E-03,+3.155959833E+00
-2.300000E-03,+3.151939733E+00
-2.295000E-03,+3.152944758E+00
-2.290000E-03,+3.153949783E+00
-2.285000E-03,+3.148924658E+00
-2.280000E-03,+3.151939733E+00
-2.275000E-03,+3.155959833E+00
-2.270000E-03,+3.153949783E+00
-2.265000E-03,+3.151939733E+00
-2.260000E-03,+3.151939733E+00
-2.255000E-03,+3.150934708E+00
-2.250000E-03,+3.153949783E+00
-2.245000E-03,+3.155959833E+00
-2.240000E-03,+3.147919632E+00
-2.235000E-03,+3.151939733E+00
-2.230000E-03,+3.151939733E+00
-2.225000E-03,+3.149929683E+00
-2.220000E-03,+3.143899532E+00
-2.215000E-03,+3.153949783E+00
-2.210000E-03,+3.149929683E+00
-2.205000E-03,+3.148924658E+00
-2.200000E-03,+3.151939733E+00
-2.195000E-03,+3.154954808E+00
-2.190000E-03,+3.151939733E+00
-2.185000E-03,+3.150934708E+00
-2.180000E-03,+3.151939733E+00
-2.175000E-03,+3.150934708E+00
-2.170000E-03,+3.153949783E+00
-2.165000E-03,+3.158974909E+00
-2.160000E-03,+3.151939733E+00
-2.155000E-03,+3.151939733E+00
-2.150000E-03,+3.123799030E+00
-2.145000E-03,+3.141889482E+00
-2.140000E-03,+3.151939733E+00
-2.135000E-03,+3.151939733E+00
-2.130000E-03,+3.153949783E+00
-2.125000E-03,+3.148924658E+00
-2.120000E-03,+3.155959833E+00
-2.115000E-03,+3.155959833E+00
-2.110000E-03,+3.153949783E+00
-2.105000E-03,+3.155959833E+00
-2.100000E-03,+3.159979934E+00
-2.095000E-03,+3.151939733E+00
-2.090000E-03,+3.145909582E+00
-2.085000E-03,+3.152944758E+00
-2.080000E-03,+3.143899532E+00
-2.075000E-03,+3.155959833E+00
-2.070000E-03,+3.153949783E+00
-2.065000E-03,+3.154954808E+00
-2.060000E-03,+3.135859331E+00
-2.055000E-03,+3.122794005E+00
-2.050000E-03,+3.117768879E+00
-2.045000E-03,+3.121788980E+00
-2.040000E-03,+3.115758829E+00
-2.035000E-03,+3.107718628E+00
-2.030000E-03,+3.109728678E+00
-2.025000E-03,+3.104703553E+00
-2.020000E-03,+3.099678427E+00
-2.015000E-03,+3.097668377E+00
-2.010000E-03,+3.117768879E+00
-2.005000E-03,+3.100683452E+00
-2.000000E-03,+3.099678427E+00
-1.995000E-03,+3.104703553E+00
-1.990000E-03,+3.097668377E+00
-1.985000E-03,+3.108723653E+00
-1.980000E-03,+3.107718628E+00
-1.975000E-03,+3.105708578E+00
-1.970000E-03,+3.105708578E+00
-1.965000E-03,+3.113748779E+00
-1.960000E-03,+3.172040235E+00
-1.955000E-03,+3.099678427E+00
-1.950000E-03,+3.117768879E+00
-1.945000E-03,+3.120783954E+00
-1.940000E-03,+3.103698527E+00
-1.935000E-03,+3.147919633E+00
-1.930000E-03,+3.125809080E+00
-1.925000E-03,+3.123799030E+00
-1.920000E-03,+3.135859331E+00
-1.915000E-03,+3.147919632E+00
-1.910000E-03,+3.125809080E+00
-1.905000E-03,+3.152944758E+00
-1.900000E-03,+3.139879432E+00
-1.895000E-03,+3.151939733E+00
-1.890000E-03,+3.133849281E+00
-1.885000E-03,+3.152944758E+00
-1.880000E-03,+2.967015112E+00
-1.875000E-03,+3.149929683E+00
-1.870000E-03,+3.174050285E+00
-1.865000E-03,+3.161989984E+00
-1.860000E-03,+3.159979934E+00
-1.855000E-03,+3.148924658E+00
-1.850000E-03,+3.161989984E+00
-1.845000E-03,+3.168020135E+00
-1.840000E-03,+3.159979934E+00
-1.835000E-03,+3.165005059E+00
-1.830000E-03,+3.168020135E+00
-1.825000E-03,+3.167015110E+00
-1.820000E-03,+3.240381943E+00
-1.815000E-03,+3.215256315E+00
-1.810000E-03,+3.180080436E+00
-1.805000E-03,+3.204201039E+00
-1.800000E-03,+3.208221139E+00
-1.795000E-03,+3.206211089E+00
-1.790000E-03,+3.206211089E+00
-1.785000E-03,+3.225306566E+00
-1.780000E-03,+3.220281441E+00
-1.775000E-03,+3.219276416E+00
-1.770000E-03,+3.214251290E+00
-1.765000E-03,+3.251437219E+00
-1.760000E-03,+3.220281441E+00
-1.755000E-03,+3.217266365E+00
-1.750000E-03,+3.226311591E+00
-1.745000E-03,+3.241386968E+00
-1.740000E-03,+3.216261340E+00
-1.735000E-03,+3.220281441E+00
-1.730000E-03,+3.220281441E+00
-1.725000E-03,+3.215256315E+00
-1.720000E-03,+3.212241240E+00
-1.715000E-03,+3.208221139E+00
-1.710000E-03,+3.198170888E+00
-1.705000E-03,+3.203196014E+00
-1.700000E-03,+3.204201039E+00
-1.695000E-03,+3.195155813E+00
-1.690000E-03,+3.190130687E+00
-1.685000E-03,+3.188120637E+00
-1.680000E-03,+3.188120637E+00
-1.675000E-03,+3.188120637E+00
-1.670000E-03,+3.180080436E+00
-1.665000E-03,+3.179075411E+00
-1.660000E-03,+3.176060336E+00
-1.655000E-03,+3.164000034E+00
-1.650000E-03,+3.159979934E+00
-1.645000E-03,+3.162995009E+00
-1.640000E-03,+3.159979934E+00
-1.635000E-03,+3.153949783E+00
-1.630000E-03,+3.149929683E+00
-1.625000E-03,+3.150934708E+00
-1.620000E-03,+3.143899532E+00
-1.615000E-03,+3.142894507E+00
-1.610000E-03,+3.141889482E+00
-1.605000E-03,+3.139879432E+00
-1.600000E-03,+3.135859331E+00
-1.595000E-03,+3.154954808E+00
-1.590000E-03,+3.147919632E+00
-1.585000E-03,+3.139879432E+00
-1.580000E-03,+3.123799030E+00
-1.575000E-03,+3.139879432E+00
-1.570000E-03,+3.137869381E+00
-1.565000E-03,+3.132844256E+00
-1.560000E-03,+3.135859331E+00
-1.555000E-03,+3.132844256E+00
-1.550000E-03,+3.127819130E+00
-1.545000E-03,+3.161989984E+00
-1.540000E-03,+3.135859331E+00
-1.535000E-03,+3.138874406E+00
-1.530000E-03,+3.135859331E+00
-1.525000E-03,+3.138874406E+00
-1.520000E-03,+3.139879432E+00
-1.515000E-03,+3.139879432E+00
-1.510000E-03,+3.141889482E+00
-1.505000E-03,+3.142894507E+00
-1.500000E-03,+3.139879432E+00
-1.495000E-03,+3.135859331E+00
-1.490000E-03,+3.141889482E+00
-1.485000E-03,+3.135859331E+00
-1.480000E-03,+3.143899532E+00
-1.475000E-03,+3.144904557E+00
-1.470000E-03,+3.143899532E+00
-1.465000E-03,+3.142894507E+00
-1.460000E-03,+3.147919632E+00
-1.455000E-03,+3.143899532E+00
-1.450000E-03,+3.145909582E+00
-1.445000E-03,+3.151939733E+00
-1.440000E-03,+3.151939733E+00
-1.435000E-03,+3.156964859E+00
-1.430000E-03,+3.155959833E+00
-1.425000E-03,+3.144904557E+00
-1.420000E-03,+3.151939733E+00
-1.415000E-03,+3.155959833E+00
-1.410000E-03,+3.151939733E+00
-1.405000E-03,+3.151939733E+00
-1.400000E-03,+3.155959833E+00
-1.395000E-03,+3.152944758E+00
-1.390000E-03,+3.151939733E+00
-1.385000E-03,+3.158974909E+00
-1.380000E-03,+3.155959833E+00
-1.375000E-03,+3.154954808E+00
-1.370000E-03,+3.157969884E+00
-1.365000E-03,+3.158974909E+00
-1.360000E-03,+3.135859331E+00
-1.355000E-03,+3.172040235E+00
-1.350000E-03,+3.161989984E+00
-1.345000E-03,+3.155959833E+00
-1.340000E-03,+3.159979934E+00
-1.335000E-03,+3.161989984E+00
-1.330000E-03,+3.137869381E+00
-1.325000E-03,+3.127819130E+00
-1.320000E-03,+3.123799030E+00
-1.315000E-03,+3.115758829E+00
-1.310000E-03,+3.115758829E+00
-1.305000E-03,+3.116763854E+00
-1.300000E-03,+3.103698527E+00
-1.295000E-03,+3.101688477E+00
-1.290000E-03,+3.103698527E+00
-1.285000E-03,+3.099678427E+00
-1.280000E-03,+3.099678427E+00
-1.275000E-03,+3.099678427E+00
-1.270000E-03,+3.095658327E+00
-1.265000E-03,+3.097668377E+00
-1.260000E-03,+3.111738728E+00
-1.255000E-03,+3.095658327E+00
-1.250000E-03,+3.101688477E+00
-1.245000E-03,+3.217266365E+00
-1.240000E-03,+3.099678427E+00
-1.235000E-03,+3.031336719E+00
-1.230000E-03,+3.113748779E+00
-1.225000E-03,+3.112743753E+00
-1.220000E-03,+3.103698527E+00
-1.215000E-03,+3.113748779E+00
-1.210000E-03,+3.115758829E+00
-1.205000E-03,+3.113748779E+00
-1.200000E-03,+3.123799030E+00
-1.195000E-03,+3.115758829E+00
-1.190000E-03,+3.121788980E+00
-1.185000E-03,+3.176060336E+00
-1.180000E-03,+3.139879432E+00
-1.175000E-03,+3.124804055E+00
-1.170000E-03,+3.137869381E+00
-1.165000E-03,+3.145909582E+00
-1.160000E-03,+3.139879432E+00
-1.155000E-03,+3.139879432E+00
-1.150000E-03,+3.141889482E+00
-1.145000E-03,+3.159979934E+00
-1.140000E-03,+3.147919632E+00
-1.135000E-03,+3.149929683E+00
-1.130000E-03,+3.157969884E+00
-1.125000E-03,+3.160984959E+00
-1.120000E-03,+3.212241240E+00
-1.115000E-03,+3.165005059E+00
-1.110000E-03,+3.166010085E+00
-1.105000E-03,+3.157969884E+00
-1.100000E-03,+3.168020135E+00
-1.095000E-03,+3.177065361E+00
-1.090000E-03,+3.168020135E+00
-1.085000E-03,+3.170030185E+00
-1.080000E-03,+3.192140738E+00
-1.075000E-03,+3.235356818E+00
-1.070000E-03,+3.202190989E+00
-1.065000E-03,+3.211236215E+00
-1.060000E-03,+3.272542747E+00
-1.055000E-03,+3.219276416E+00
-1.050000E-03,+3.220281441E+00
-1.045000E-03,+3.219276416E+00
-1.040000E-03,+3.220281441E+00
-1.035000E-03,+3.222291491E+00
-1.030000E-03,+3.232341742E+00
-1.025000E-03,+3.227316617E+00
-1.020000E-03,+3.240381943E+00
-1.015000E-03,+3.227316617E+00
-1.010000E-03,+3.226311591E+00
-1.005000E-03,+3.223296516E+00
-1.000000E-03,+3.220281441E+00
-995.000E-06,+3.213246265E+00
-990.000E-06,+3.224301541E+00
-985.000E-06,+3.212241240E+00
-980.000E-06,+3.208221139E+00
-975.000E-06,+3.217266365E+00
-970.000E-06,+3.208221139E+00
-965.000E-06,+3.201185964E+00
-960.000E-06,+3.196160838E+00
-955.000E-06,+3.199175913E+00
-950.000E-06,+3.192140738E+00
-945.000E-06,+3.187115612E+00
-940.000E-06,+3.188120637E+00
-935.000E-06,+3.181085461E+00
-930.000E-06,+3.174050285E+00
-925.000E-06,+3.172040235E+00
-920.000E-06,+3.172040235E+00
-915.000E-06,+3.167015110E+00
-910.000E-06,+3.155959833E+00
-905.000E-06,+3.159979934E+00
-900.000E-06,+3.159979934E+00
-895.000E-06,+3.155959833E+00
-890.000E-06,+3.147919632E+00
-885.000E-06,+3.143899532E+00
-880.000E-06,+3.143899532E+00
-875.000E-06,+3.148924658E+00
-870.000E-06,+3.141889482E+00
-865.000E-06,+3.140884457E+00
-860.000E-06,+3.139879432E+00
-855.000E-06,+3.142894507E+00
-850.000E-06,+3.139879432E+00
-845.000E-06,+3.138874406E+00
-840.000E-06,+3.139879432E+00
-835.000E-06,+3.132844256E+00
-830.000E-06,+3.131839231E+00
-825.000E-06,+3.128824155E+00
-820.000E-06,+3.135859331E+00
-815.000E-06,+3.130834206E+00
-810.000E-06,+3.131839231E+00
-805.000E-06,+3.134854306E+00
-800.000E-06,+3.135859331E+00
-795.000E-06,+3.128824155E+00
-790.000E-06,+3.121788979E+00
-785.000E-06,+3.136864356E+00
-780.000E-06,+3.135859331E+00
-775.000E-06,+3.134854306E+00
-770.000E-06,+3.141889482E+00
-765.000E-06,+3.136864356E+00
-760.000E-06,+3.135859331E+00
-755.000E-06,+3.137869381E+00
-750.000E-06,+3.141889482E+00
-745.000E-06,+3.139879432E+00
-740.000E-06,+3.139879432E+00
-735.000E-06,+3.142894507E+00
-730.000E-06,+3.143899532E+00
-725.000E-06,+3.146914607E+00
-720.000E-06,+3.139879432E+00
-715.000E-06,+3.138874406E+00
-710.000E-06,+3.145909582E+00
-705.000E-06,+3.140884457E+00
-700.000E-06,+3.139879432E+00
-695.000E-06,+3.142894507E+00
-690.000E-06,+3.139879432E+00
-685.000E-06,+3.141889482E+00
-680.000E-06,+3.147919633E+00
-675.000E-06,+3.171035210E+00
-670.000E-06,+3.149929683E+00
-665.000E-06,+3.147919632E+00
-660.000E-06,+3.151939733E+00
-655.000E-06,+3.156964858E+00
-650.000E-06,+3.153949783E+00
-645.000E-06,+3.147919632E+00
-640.000E-06,+3.147919632E+00
-635.000E-06,+3.148924658E+00
-630.000E-06,+3.172040235E+00
-625.000E-06,+3.158974909E+00
-620.000E-06,+3.151939733E+00
-615.000E-06,+3.150934708E+00
-610.000E-06,+3.157969884E+00
-605.000E-06,+3.155959833E+00
-600.000E-06,+3.139879432E+00
-595.000E-06,+3.120783954E+00
-590.000E-06,+3.131839231E+00
-585.000E-06,+3.116763854E+00
-580.000E-06,+3.103698527E+00
-575.000E-06,+3.095658327E+00
-570.000E-06,+3.099678427E+00
-565.000E-06,+3.120783954E+00
-560.000E-06,+3.091638226E+00
-555.000E-06,+3.088623151E+00
-550.000E-06,+3.119778929E+00
-545.000E-06,+3.067517623E+00
-540.000E-06,+3.095658327E+00
-535.000E-06,+3.090633201E+00
-530.000E-06,+3.091638226E+00
-525.000E-06,+3.097668377E+00
-520.000E-06,+3.099678427E+00
-515.000E-06,+3.090633201E+00
-510.000E-06,+3.089628176E+00
-505.000E-06,+3.102693502E+00
-500.000E-06,+3.127819130E+00
-495.000E-06,+3.096663352E+00
-490.000E-06,+3.109728678E+00
-485.000E-06,+3.109728678E+00
-480.000E-06,+3.115758829E+00
-475.000E-06,+3.104703553E+00
-470.000E-06,+3.117768879E+00
-465.000E-06,+3.132844256E+00
-460.000E-06,+3.115758829E+00
-455.000E-06,+3.136864356E+00
-450.000E-06,+3.109728678E+00
-445.000E-06,+3.122794005E+00
-440.000E-06,+3.131839231E+00
-435.000E-06,+3.142894507E+00
-430.000E-06,+3.131839231E+00
-425.000E-06,+2.980080438E+00
-420.000E-06,+3.151939733E+00
-415.000E-06,+3.152944758E+00
-410.000E-06,+3.141889482E+00
-405.000E-06,+3.152944758E+00
-400.000E-06,+3.164000034E+00
-395.000E-06,+3.152944758E+00
-390.000E-06,+3.151939733E+00
-385.000E-06,+3.165005059E+00
-380.000E-06,+3.168020135E+00
-375.000E-06,+3.160984959E+00
-370.000E-06,+3.157969884E+00
-365.000E-06,+3.170030185E+00
-360.000E-06,+3.168020135E+00
-355.000E-06,+3.158974909E+00
-350.000E-06,+3.194150788E+00
-345.000E-06,+3.205206064E+00
-340.000E-06,+3.212241240E+00
-335.000E-06,+3.214251290E+00
-330.000E-06,+3.226311591E+00
-325.000E-06,+3.221286466E+00
-320.000E-06,+3.228321642E+00
-315.000E-06,+3.237366868E+00
-310.000E-06,+3.244402044E+00
-305.000E-06,+3.233346767E+00
-300.000E-06,+3.240381943E+00
-295.000E-06,+3.240381943E+00
-290.000E-06,+3.238371893E+00
-285.000E-06,+3.241386968E+00
-280.000E-06,+3.240381943E+00
-275.000E-06,+3.239376918E+00
-270.000E-06,+3.234351792E+00
-265.000E-06,+3.238371893E+00
-260.000E-06,+3.228321642E+00
-255.000E-06,+3.225306566E+00
-250.000E-06,+3.218271391E+00
-245.000E-06,+3.220281441E+00
-240.000E-06,+3.212241240E+00
-235.000E-06,+3.212241240E+00
-230.000E-06,+3.208221139E+00
-225.000E-06,+3.203196014E+00
-220.000E-06,+3.204201039E+00
-215.000E-06,+3.198170888E+00
-210.000E-06,+3.190130687E+00
-205.000E-06,+3.184100537E+00
-200.000E-06,+3.176060336E+00
-195.000E-06,+3.173045260E+00
-190.000E-06,+3.170030185E+00
-185.000E-06,+3.165005059E+00
-180.000E-06,+3.168020135E+00
-175.000E-06,+3.159979934E+00
-170.000E-06,+3.149929683E+00
-165.000E-06,+3.149929683E+00
-160.000E-06,+3.147919632E+00
-155.000E-06,+3.140884457E+00
-150.000E-06,+3.141889482E+00
-145.000E-06,+3.146914607E+00
-140.000E-06,+3.143899532E+00
-135.000E-06,+3.139879432E+00
-130.000E-06,+3.139879432E+00
-125.000E-06,+3.132844256E+00
-120.000E-06,+3.135859331E+00
-115.000E-06,+3.135859331E+00
-110.000E-06,+3.133849281E+00
-105.000E-06,+3.132844256E+00
-100.000E-06,+3.127819130E+00
-95.000E-06,+3.132844256E+00
-90.000E-06,+3.133849281E+00
-85.000E-06,+3.124804055E+00
-80.000E-06,+3.131839231E+00
-75.000E-06,+3.131839231E+00
-70.000E-06,+3.131839231E+00
-65.000E-06,+3.135859331E+00
-60.000E-06,+3.131839231E+00
-55.000E-06,+3.142894507E+00
-50.000E-06,+3.135859331E+00
-45.000E-06,+3.133849281E+00
-40.000E-06,+3.127819130E+00
-35.000E-06,+3.139879432E+00
-30.000E-06,+3.099678427E+00
-25.000E-06,+3.132844256E+00
-20.000E-06,+3.139879432E+00
-15.000E-06,+3.141889482E+00
-10.000E-06,+3.147919632E+00
-5.000E-06,+3.140884457E+00
-0.0E+00,+3.143899532E+00
+5.000E-06,+3.142894507E+00
+10.000E-06,+3.145909582E+00
+15.000E-06,+3.150934708E+00
+20.000E-06,+3.151939733E+00
+25.000E-06,+3.148924658E+00
+30.000E-06,+3.174050285E+00
+35.000E-06,+3.138874406E+00
+40.000E-06,+3.151939733E+00
+45.000E-06,+3.150934708E+00
+50.000E-06,+3.153949783E+00
+55.000E-06,+3.154954808E+00
+60.000E-06,+3.159979934E+00
+65.000E-06,+3.155959833E+00
+70.000E-06,+3.180080436E+00
+75.000E-06,+3.165005059E+00
+80.000E-06,+3.164000034E+00
+85.000E-06,+3.161989984E+00
+90.000E-06,+3.166010085E+00
+95.000E-06,+3.161989984E+00
+100.000E-06,+3.159979934E+00
+105.000E-06,+3.168020135E+00
+110.000E-06,+3.172040235E+00
+115.000E-06,+3.168020135E+00
+120.000E-06,+3.168020135E+00
+125.000E-06,+3.180080436E+00
+130.000E-06,+3.164000034E+00
+135.000E-06,+3.164000034E+00
+140.000E-06,+3.164000034E+00
+145.000E-06,+3.162995009E+00
+150.000E-06,+3.161989984E+00
+155.000E-06,+3.167015110E+00
+160.000E-06,+3.164000034E+00
+165.000E-06,+3.167015110E+00
+170.000E-06,+3.164000034E+00
+175.000E-06,+3.156964859E+00
+180.000E-06,+3.159979934E+00
+185.000E-06,+3.159979934E+00
+190.000E-06,+3.159979934E+00
+195.000E-06,+3.159979934E+00
+200.000E-06,+3.159979934E+00
+205.000E-06,+3.158974909E+00
+210.000E-06,+3.155959833E+00
+215.000E-06,+3.156964859E+00
+220.000E-06,+3.151939733E+00
+225.000E-06,+3.154954808E+00
+230.000E-06,+3.155959833E+00
+235.000E-06,+3.151939733E+00
+240.000E-06,+3.155959833E+00
+245.000E-06,+3.154954808E+00
+250.000E-06,+3.153949783E+00
+255.000E-06,+3.152944758E+00
+260.000E-06,+3.151939733E+00
+265.000E-06,+3.151939733E+00
+270.000E-06,+3.143899532E+00
+275.000E-06,+3.151939733E+00
+280.000E-06,+3.143899532E+00
+285.000E-06,+3.145909582E+00
+290.000E-06,+3.143899532E+00
+295.000E-06,+3.140884457E+00
+300.000E-06,+3.143899532E+00
+305.000E-06,+3.148924658E+00
+310.000E-06,+3.182090486E+00
+315.000E-06,+3.143899532E+00
+320.000E-06,+3.147919632E+00
+325.000E-06,+3.141889482E+00
+330.000E-06,+3.147919632E+00
+335.000E-06,+3.146914607E+00
+340.000E-06,+3.147919632E+00
+345.000E-06,+3.160984959E+00
+350.000E-06,+3.147919632E+00
+355.000E-06,+3.148924658E+00
+360.000E-06,+3.143899532E+00
+365.000E-06,+3.144904557E+00
+370.000E-06,+3.155959833E+00
+375.000E-06,+3.148924658E+00
+380.000E-06,+3.151939733E+00
+385.000E-06,+3.151939733E+00
+390.000E-06,+3.145909582E+00
+395.000E-06,+3.149929683E+00
+400.000E-06,+3.143899532E+00
+405.000E-06,+3.148924658E+00
+410.000E-06,+3.151939733E+00
+415.000E-06,+3.156964859E+00
+420.000E-06,+3.147919632E+00
+425.000E-06,+3.151939733E+00
+430.000E-06,+3.149929683E+00
+435.000E-06,+3.152944758E+00
+440.000E-06,+3.151939733E+00
+445.000E-06,+3.155959833E+00
+450.000E-06,+3.151939733E+00
+455.000E-06,+3.145909582E+00
+460.000E-06,+3.164000034E+00
+465.000E-06,+3.150934708E+00
+470.000E-06,+3.153949783E+00
+475.000E-06,+3.155959833E+00
+480.000E-06,+3.151939733E+00
+485.000E-06,+3.155959833E+00
+490.000E-06,+3.155959833E+00
+495.000E-06,+3.155959833E+00
+500.000E-06,+3.151939733E+00
+505.000E-06,+3.155959833E+00
+510.000E-06,+3.153949783E+00
+515.000E-06,+3.167015110E+00
+520.000E-06,+3.151939733E+00
+525.000E-06,+3.157969884E+00
+530.000E-06,+3.155959833E+00
+535.000E-06,+3.158974909E+00
+540.000E-06,+3.147919633E+00
+545.000E-06,+3.156964859E+00
+550.000E-06,+3.149929683E+00
+555.000E-06,+3.152944758E+00
+560.000E-06,+3.151939733E+00
+565.000E-06,+3.156964859E+00
+570.000E-06,+3.149929683E+00
+575.000E-06,+3.152944758E+00
+580.000E-06,+3.155959833E+00
+585.000E-06,+3.151939733E+00
+590.000E-06,+3.151939733E+00
+595.000E-06,+3.151939733E+00
+600.000E-06,+3.159979934E+00
+605.000E-06,+3.155959833E+00
+610.000E-06,+3.153949783E+00
+615.000E-06,+3.155959833E+00
+620.000E-06,+3.151939733E+00
+625.000E-06,+3.153949783E+00
+630.000E-06,+3.153949783E+00
+635.000E-06,+3.151939733E+00
+640.000E-06,+3.155959833E+00
+645.000E-06,+3.154954808E+00
+650.000E-06,+3.153949783E+00
+655.000E-06,+3.152944758E+00
+660.000E-06,+3.155959833E+00
+665.000E-06,+3.155959833E+00
+670.000E-06,+3.155959833E+00
+675.000E-06,+3.152944758E+00
+680.000E-06,+3.143899532E+00
+685.000E-06,+3.158974909E+00
+690.000E-06,+3.153949783E+00
+695.000E-06,+3.157969884E+00
+700.000E-06,+3.159979934E+00
+705.000E-06,+3.154954808E+00
+710.000E-06,+3.155959833E+00
+715.000E-06,+3.156964859E+00
+720.000E-06,+3.155959833E+00
+725.000E-06,+3.151939733E+00
+730.000E-06,+3.153949783E+00
+735.000E-06,+3.147919632E+00
+740.000E-06,+3.155959833E+00
+745.000E-06,+3.152944758E+00
+750.000E-06,+3.157969884E+00
+755.000E-06,+3.154954808E+00
+760.000E-06,+3.159979934E+00
+765.000E-06,+3.145909582E+00
+770.000E-06,+3.155959833E+00
+775.000E-06,+3.152944758E+00
+780.000E-06,+3.151939733E+00
+785.000E-06,+3.151939733E+00
+790.000E-06,+3.149929683E+00
+795.000E-06,+3.152944758E+00
+800.000E-06,+3.147919632E+00
+805.000E-06,+3.171035210E+00
+810.000E-06,+3.161989984E+00
+815.000E-06,+3.156964859E+00
+820.000E-06,+3.155959833E+00
+825.000E-06,+3.148924658E+00
+830.000E-06,+3.153949783E+00
+835.000E-06,+3.155959833E+00
+840.000E-06,+3.147919632E+00
+845.000E-06,+3.152944758E+00
+850.000E-06,+3.151939733E+00
+855.000E-06,+3.151939733E+00
+860.000E-06,+3.147919632E+00
+865.000E-06,+3.155959833E+00
+870.000E-06,+3.137869381E+00
+875.000E-06,+3.171035210E+00
+880.000E-06,+3.159979934E+00
+885.000E-06,+3.152944758E+00
+890.000E-06,+3.153949783E+00
+895.000E-06,+3.154954808E+00
+900.000E-06,+3.151939733E+00
+905.000E-06,+3.155959833E+00
+910.000E-06,+3.135859331E+00
+915.000E-06,+3.158974909E+00
+920.000E-06,+3.151939733E+00
+925.000E-06,+3.152944758E+00
+930.000E-06,+3.159979934E+00
+935.000E-06,+3.149929683E+00
+940.000E-06,+3.151939733E+00
+945.000E-06,+3.158974909E+00
+950.000E-06,+3.153949783E+00
+955.000E-06,+3.145909582E+00
+960.000E-06,+3.151939733E+00
+965.000E-06,+3.153949783E+00
+970.000E-06,+3.151939733E+00
+975.000E-06,+3.140884457E+00
+980.000E-06,+3.151939733E+00
+985.000E-06,+3.151939733E+00
+990.000E-06,+3.153949783E+00
+995.000E-06,+3.151939733E+00
+1.000000E-03,+3.151939733E+00
+1.005000E-03,+3.147919633E+00
+1.010000E-03,+3.153949783E+00
+1.015000E-03,+3.154954808E+00
+1.020000E-03,+3.155959833E+00
+1.025000E-03,+3.148924658E+00
+1.030000E-03,+3.151939733E+00
+1.035000E-03,+3.151939733E+00
+1.040000E-03,+3.147919632E+00
+1.045000E-03,+3.150934708E+00
+1.050000E-03,+3.151939733E+00
+1.055000E-03,+3.148924658E+00
+1.060000E-03,+3.151939733E+00
+1.065000E-03,+3.154954808E+00
+1.070000E-03,+3.151939733E+00
+1.075000E-03,+3.147919632E+00
+1.080000E-03,+3.151939733E+00
+1.085000E-03,+3.148924658E+00
+1.090000E-03,+3.151939733E+00
+1.095000E-03,+3.148924658E+00
+1.100000E-03,+3.151939733E+00
+1.105000E-03,+3.145909582E+00
+1.110000E-03,+3.153949783E+00
+1.115000E-03,+3.150934708E+00
+1.120000E-03,+3.143899532E+00
+1.125000E-03,+3.151939733E+00
+1.130000E-03,+3.149929683E+00
+1.135000E-03,+3.151939733E+00
+1.140000E-03,+3.155959833E+00
+1.145000E-03,+3.148924658E+00
+1.150000E-03,+3.151939733E+00
+1.155000E-03,+3.154954808E+00
+1.160000E-03,+3.147919632E+00
+1.165000E-03,+3.150934708E+00
+1.170000E-03,+3.151939733E+00
+1.175000E-03,+3.149929683E+00
+1.180000E-03,+3.151939733E+00
+1.185000E-03,+3.151939733E+00
+1.190000E-03,+3.151939733E+00
+1.195000E-03,+3.151939733E+00
+1.200000E-03,+3.155959833E+00
+1.205000E-03,+3.148924658E+00
+1.210000E-03,+3.135859331E+00
+1.215000E-03,+3.151939733E+00
+1.220000E-03,+3.151939733E+00
+1.225000E-03,+3.155959833E+00
+1.230000E-03,+3.155959833E+00
+1.235000E-03,+3.154954808E+00
+1.240000E-03,+3.147919632E+00
+1.245000E-03,+3.152944758E+00
+1.250000E-03,+3.147919633E+00
+1.255000E-03,+3.151939733E+00
+1.260000E-03,+3.155959833E+00
+1.265000E-03,+3.158974909E+00
+1.270000E-03,+3.172040235E+00
+1.275000E-03,+3.153949783E+00
+1.280000E-03,+3.151939733E+00
+1.285000E-03,+3.147919632E+00
+1.290000E-03,+3.151939733E+00
+1.295000E-03,+3.148924658E+00
+1.300000E-03,+3.151939733E+00
+1.305000E-03,+3.148924658E+00
+1.310000E-03,+3.149929683E+00
+1.315000E-03,+3.150934708E+00
+1.320000E-03,+3.151939733E+00
+1.325000E-03,+3.154954808E+00
+1.330000E-03,+3.149929683E+00
+1.335000E-03,+3.151939733E+00
+1.340000E-03,+3.155959833E+00
+1.345000E-03,+3.151939733E+00
+1.350000E-03,+3.153949783E+00
+1.355000E-03,+3.152944758E+00
+1.360000E-03,+3.147919633E+00
+1.365000E-03,+3.155959833E+00
+1.370000E-03,+3.153949783E+00
+1.375000E-03,+3.152944758E+00
+1.380000E-03,+3.155959833E+00
+1.385000E-03,+3.154954808E+00
+1.390000E-03,+3.155959833E+00
+1.395000E-03,+3.150934708E+00
+1.400000E-03,+3.127819130E+00
+1.405000E-03,+3.153949783E+00
+1.410000E-03,+3.155959833E+00
+1.415000E-03,+3.155959833E+00
+1.420000E-03,+3.155959833E+00
+1.425000E-03,+3.149929683E+00
+1.430000E-03,+3.155959833E+00
+1.435000E-03,+3.152944758E+00
+1.440000E-03,+3.151939733E+00
+1.445000E-03,+3.160984959E+00
+1.450000E-03,+3.153949783E+00
+1.455000E-03,+3.155959833E+00
+1.460000E-03,+3.155959833E+00
+1.465000E-03,+3.148924658E+00
+1.470000E-03,+3.151939733E+00
+1.475000E-03,+3.155959833E+00
+1.480000E-03,+3.155959833E+00
+1.485000E-03,+3.157969884E+00
+1.490000E-03,+3.153949783E+00
+1.495000E-03,+3.151939733E+00
+1.500000E-03,+3.188120637E+00
+1.505000E-03,+3.151939733E+00
+1.510000E-03,+3.153949783E+00
+1.515000E-03,+3.154954808E+00
+1.520000E-03,+3.151939733E+00
+1.525000E-03,+3.160984959E+00
+1.530000E-03,+3.153949783E+00
+1.535000E-03,+3.154954808E+00
+1.540000E-03,+3.164000034E+00
+1.545000E-03,+3.152944758E+00
+1.550000E-03,+3.157969884E+00
+1.555000E-03,+3.153949783E+00
+1.560000E-03,+3.151939733E+00
+1.565000E-03,+3.151939733E+00
+1.570000E-03,+3.153949783E+00
+1.575000E-03,+3.154954808E+00
+1.580000E-03,+3.151939733E+00
+1.585000E-03,+3.154954808E+00
+1.590000E-03,+3.153949783E+00
+1.595000E-03,+3.154954808E+00
+1.600000E-03,+3.143899532E+00
+1.605000E-03,+3.154954808E+00
+1.610000E-03,+3.155959833E+00
+1.615000E-03,+3.155959833E+00
+1.620000E-03,+3.159979934E+00
+1.625000E-03,+3.148924658E+00
+1.630000E-03,+3.137869381E+00
+1.635000E-03,+3.148924658E+00
+1.640000E-03,+3.151939733E+00
+1.645000E-03,+3.147919632E+00
+1.650000E-03,+3.149929683E+00
+1.655000E-03,+3.151939733E+00
+1.660000E-03,+3.151939733E+00
+1.665000E-03,+3.154954808E+00
+1.670000E-03,+3.155959833E+00
+1.675000E-03,+3.148924658E+00
+1.680000E-03,+3.147919632E+00
+1.685000E-03,+3.152944758E+00
+1.690000E-03,+3.143899532E+00
+1.695000E-03,+3.150934708E+00
+1.700000E-03,+3.155959833E+00
+1.705000E-03,+3.156964859E+00
+1.710000E-03,+3.153949783E+00
+1.715000E-03,+3.147919632E+00
+1.720000E-03,+3.151939733E+00
+1.725000E-03,+3.150934708E+00
+1.730000E-03,+3.151939733E+00
+1.735000E-03,+3.148924658E+00
+1.740000E-03,+3.151939733E+00
+1.745000E-03,+3.161989984E+00
+1.750000E-03,+3.153949783E+00
+1.755000E-03,+3.156964859E+00
+1.760000E-03,+3.155959833E+00
+1.765000E-03,+3.150934708E+00
+1.770000E-03,+3.145909582E+00
+1.775000E-03,+3.151939733E+00
+1.780000E-03,+3.147919633E+00
+1.785000E-03,+3.156964859E+00
+1.790000E-03,+3.147919632E+00
+1.795000E-03,+3.152944758E+00
+1.800000E-03,+3.155959833E+00
+1.805000E-03,+3.145909582E+00
+1.810000E-03,+3.151939733E+00
+1.815000E-03,+3.157969884E+00
+1.820000E-03,+3.151939733E+00
+1.825000E-03,+3.120783954E+00
+1.830000E-03,+3.149929683E+00
+1.835000E-03,+3.151939733E+00
+1.840000E-03,+3.151939733E+00
+1.845000E-03,+3.152944758E+00
+1.850000E-03,+3.151939733E+00
+1.855000E-03,+3.147919632E+00
+1.860000E-03,+3.147919632E+00
+1.865000E-03,+3.157969884E+00
+1.870000E-03,+3.153949783E+00
+1.875000E-03,+3.151939733E+00
+1.880000E-03,+3.159979934E+00
+1.885000E-03,+3.152944758E+00
+1.890000E-03,+3.149929683E+00
+1.895000E-03,+3.153949783E+00
+1.900000E-03,+3.155959833E+00
+1.905000E-03,+3.167015110E+00
+1.910000E-03,+3.151939733E+00
+1.915000E-03,+3.152944758E+00
+1.920000E-03,+3.147919632E+00
+1.925000E-03,+3.155959833E+00
+1.930000E-03,+3.153949783E+00
+1.935000E-03,+3.164000034E+00
+1.940000E-03,+3.151939733E+00
+1.945000E-03,+3.160984959E+00
+1.950000E-03,+3.157969884E+00
+1.955000E-03,+3.154954808E+00
+1.960000E-03,+3.147919632E+00
+1.965000E-03,+3.151939733E+00
+1.970000E-03,+3.153949783E+00
+1.975000E-03,+3.150934708E+00
+1.980000E-03,+3.164000034E+00
+1.985000E-03,+3.153949783E+00
+1.990000E-03,+3.153949783E+00
+1.995000E-03,+3.154954808E+00
+2.000000E-03,+3.155959833E+00
+2.005000E-03,+3.151939733E+00
+2.010000E-03,+3.151939733E+00
+2.015000E-03,+3.152944758E+00
+2.020000E-03,+3.155959833E+00
+2.025000E-03,+3.153949783E+00
+2.030000E-03,+3.153949783E+00
+2.035000E-03,+3.151939733E+00
+2.040000E-03,+3.143899532E+00
+2.045000E-03,+3.157969884E+00
+2.050000E-03,+3.153949783E+00
+2.055000E-03,+3.151939733E+00
+2.060000E-03,+3.151939733E+00
+2.065000E-03,+3.152944758E+00
+2.070000E-03,+3.151939733E+00
+2.075000E-03,+3.152944758E+00
+2.080000E-03,+3.159979934E+00
+2.085000E-03,+3.158974909E+00
+2.090000E-03,+3.149929683E+00
+2.095000E-03,+3.152944758E+00
+2.100000E-03,+3.147919632E+00
+2.105000E-03,+3.152944758E+00
+2.110000E-03,+3.147919632E+00
+2.115000E-03,+3.153949783E+00
+2.120000E-03,+3.155959833E+00
+2.125000E-03,+3.150934708E+00
+2.130000E-03,+3.153949783E+00
+2.135000E-03,+3.152944758E+00
+2.140000E-03,+3.151939733E+00
+2.145000E-03,+3.147919632E+00
+2.150000E-03,+3.149929683E+00
+2.155000E-03,+3.154954808E+00
+2.160000E-03,+3.151939733E+00
+2.165000E-03,+3.155959833E+00
+2.170000E-03,+3.143899532E+00
+2.175000E-03,+3.144904557E+00
+2.180000E-03,+3.155959833E+00
+2.185000E-03,+3.154954808E+00
+2.190000E-03,+3.155959833E+00
+2.195000E-03,+3.154954808E+00
+2.200000E-03,+3.151939733E+00
+2.205000E-03,+3.152944758E+00
+2.210000E-03,+3.155959833E+00
+2.215000E-03,+3.152944758E+00
+2.220000E-03,+3.151939733E+00
+2.225000E-03,+3.155959833E+00
+2.230000E-03,+3.147919632E+00
+2.235000E-03,+3.154954808E+00
+2.240000E-03,+3.155959833E+00
+2.245000E-03,+3.151939733E+00
+2.250000E-03,+3.168020135E+00
+2.255000E-03,+3.155959833E+00
+2.260000E-03,+3.151939733E+00
+2.265000E-03,+3.151939733E+00
+2.270000E-03,+3.153949783E+00
+2.275000E-03,+3.152944758E+00
+2.280000E-03,+3.155959833E+00
+2.285000E-03,+3.152944758E+00
+2.290000E-03,+3.153949783E+00
+2.295000E-03,+3.148924658E+00
+2.300000E-03,+3.155959833E+00
+2.305000E-03,+3.151939733E+00
+2.310000E-03,+3.147919632E+00
+2.315000E-03,+3.154954808E+00
+2.320000E-03,+3.151939733E+00
+2.325000E-03,+3.157969884E+00
+2.330000E-03,+3.147919633E+00
+2.335000E-03,+3.156964859E+00
+2.340000E-03,+3.164000034E+00
+2.345000E-03,+3.156964859E+00
+2.350000E-03,+3.151939733E+00
+2.355000E-03,+3.154954808E+00
+2.360000E-03,+3.159979934E+00
+2.365000E-03,+3.154954808E+00
+2.370000E-03,+3.155959833E+00
+2.375000E-03,+3.148924658E+00
+2.380000E-03,+3.159979934E+00
+2.385000E-03,+3.152944758E+00
+2.390000E-03,+3.155959833E+00
+2.395000E-03,+3.152944758E+00
+2.400000E-03,+3.155959833E+00
+2.405000E-03,+3.148924658E+00
+2.410000E-03,+3.155959833E+00
+2.415000E-03,+3.168020135E+00
+2.420000E-03,+3.155959833E+00
+2.425000E-03,+3.151939733E+00
+2.430000E-03,+3.141889482E+00
+2.435000E-03,+3.152944758E+00
+2.440000E-03,+3.151939733E+00
+2.445000E-03,+3.154954808E+00
+2.450000E-03,+3.155959833E+00
+2.455000E-03,+3.165005059E+00
+2.460000E-03,+3.155959833E+00
+2.465000E-03,+3.155959833E+00
+2.470000E-03,+3.168020135E+00
+2.475000E-03,+3.153949783E+00
+2.480000E-03,+3.151939733E+00
+2.485000E-03,+3.197165863E+00
+2.490000E-03,+3.159979934E+00
+2.495000E-03,+3.157969884E+00
+2.500000E-03,+3.151939733E+00
+2.505000E-03,+3.147919632E+00
+2.510000E-03,+3.155959833E+00
+2.515000E-03,+3.156964859E+00
+2.520000E-03,+3.127819130E+00
+2.525000E-03,+3.154954808E+00
+2.530000E-03,+3.153949783E+00
+2.535000E-03,+3.155959833E+00
+2.540000E-03,+3.159979934E+00
+2.545000E-03,+3.148924658E+00
+2.550000E-03,+3.155959833E+00
+2.555000E-03,+3.152944758E+00
+2.560000E-03,+3.155959833E+00
+2.565000E-03,+3.153949783E+00
+2.570000E-03,+3.155959833E+00
+2.575000E-03,+3.155959833E+00
+2.580000E-03,+3.155959833E+00
+2.585000E-03,+3.154954808E+00
+2.590000E-03,+3.153949783E+00
+2.595000E-03,+3.150934708E+00
+2.600000E-03,+3.151939733E+00
+2.605000E-03,+3.149929683E+00
+2.610000E-03,+3.155959833E+00
+2.615000E-03,+3.154954808E+00
+2.620000E-03,+3.155959833E+00
+2.625000E-03,+3.150934708E+00
+2.630000E-03,+3.151939733E+00
+2.635000E-03,+3.186110587E+00
+2.640000E-03,+3.151939733E+00
+2.645000E-03,+3.158974909E+00
+2.650000E-03,+3.157969884E+00
+2.655000E-03,+3.149929683E+00
+2.660000E-03,+3.151939733E+00
+2.665000E-03,+3.152944758E+00
+2.670000E-03,+3.151939733E+00
+2.675000E-03,+3.153949783E+00
+2.680000E-03,+3.151939733E+00
+2.685000E-03,+3.151939733E+00
+2.690000E-03,+3.151939733E+00
+2.695000E-03,+3.157969884E+00
+2.700000E-03,+3.147919632E+00
+2.705000E-03,+3.152944758E+00
+2.710000E-03,+3.157969884E+00
+2.715000E-03,+3.147919632E+00
+2.720000E-03,+3.151939733E+00
+2.725000E-03,+3.153949783E+00
+2.730000E-03,+3.164000034E+00
+2.735000E-03,+3.155959833E+00
+2.740000E-03,+3.155959833E+00
+2.745000E-03,+3.149929683E+00
+2.750000E-03,+3.149929683E+00
+2.755000E-03,+3.130834206E+00
+2.760000E-03,+3.147919632E+00
+2.765000E-03,+3.151939733E+00
+2.770000E-03,+3.170030185E+00
+2.775000E-03,+3.151939733E+00
+2.780000E-03,+3.147919632E+00
+2.785000E-03,+3.156964859E+00
+2.790000E-03,+3.145909582E+00
+2.795000E-03,+3.146914607E+00
+2.800000E-03,+3.155959833E+00
+2.805000E-03,+3.150934708E+00
+2.810000E-03,+3.153949783E+00
+2.815000E-03,+3.149929683E+00
+2.820000E-03,+3.151939733E+00
+2.825000E-03,+3.151939733E+00
+2.830000E-03,+3.190130687E+00
+2.835000E-03,+3.148924658E+00
+2.840000E-03,+3.151939733E+00
+2.845000E-03,+3.160984959E+00
+2.850000E-03,+3.151939733E+00
+2.855000E-03,+3.154954808E+00
+2.860000E-03,+3.159979934E+00
+2.865000E-03,+3.152944758E+00
+2.870000E-03,+3.147919632E+00
+2.875000E-03,+3.154954808E+00
+2.880000E-03,+3.151939733E+00
+2.885000E-03,+3.155959833E+00
+2.890000E-03,+3.161989984E+00
+2.895000E-03,+3.154954808E+00
+2.900000E-03,+3.155959833E+00
+2.905000E-03,+3.152944758E+00
+2.910000E-03,+3.149929683E+00
+2.915000E-03,+3.151939733E+00
+2.920000E-03,+3.155959833E+00
+2.925000E-03,+3.157969884E+00
+2.930000E-03,+3.157969884E+00
+2.935000E-03,+3.154954808E+00
+2.940000E-03,+3.151939733E+00
+2.945000E-03,+3.152944758E+00
+2.950000E-03,+3.153949783E+00
+2.955000E-03,+3.151939733E+00
+2.960000E-03,+3.151939733E+00
+2.965000E-03,+3.149929683E+00
+2.970000E-03,+3.164000034E+00
+2.975000E-03,+3.150934708E+00
+2.980000E-03,+3.151939733E+00
+2.985000E-03,+3.151939733E+00
+2.990000E-03,+3.151939733E+00
+2.995000E-03,+3.157969884E+00
+3.000000E-03,+3.151939733E+00
+3.005000E-03,+3.154954808E+00
+3.010000E-03,+3.153949783E+00
+3.015000E-03,+3.151939733E+00
+3.020000E-03,+3.147919633E+00
+3.025000E-03,+3.151939733E+00
+3.030000E-03,+3.153949783E+00
+3.035000E-03,+3.151939733E+00
+3.040000E-03,+3.155959833E+00
+3.045000E-03,+3.150934708E+00
+3.050000E-03,+3.149929683E+00
+3.055000E-03,+3.151939733E+00
+3.060000E-03,+3.147919632E+00
+3.065000E-03,+3.151939733E+00
+3.070000E-03,+3.159979934E+00
+3.075000E-03,+3.148924658E+00
+3.080000E-03,+3.151939733E+00
+3.085000E-03,+3.155959833E+00
+3.090000E-03,+3.153949783E+00
+3.095000E-03,+3.156964859E+00
+3.100000E-03,+3.123799030E+00
+3.105000E-03,+3.150934708E+00
+3.110000E-03,+3.151939733E+00
+3.115000E-03,+3.170030185E+00
+3.120000E-03,+3.151939733E+00
+3.125000E-03,+3.152944758E+00
+3.130000E-03,+3.153949783E+00
+3.135000E-03,+3.151939733E+00
+3.140000E-03,+3.155959833E+00
+3.145000E-03,+3.157969884E+00
+3.150000E-03,+3.151939733E+00
+3.155000E-03,+3.151939733E+00
+3.160000E-03,+3.155959833E+00
+3.165000E-03,+3.151939733E+00
+3.170000E-03,+3.153949783E+00
+3.175000E-03,+3.148924658E+00
+3.180000E-03,+3.151939733E+00
+3.185000E-03,+3.151939733E+00
+3.190000E-03,+3.155959833E+00
+3.195000E-03,+3.151939733E+00
+3.200000E-03,+3.155959833E+00
+3.205000E-03,+3.154954808E+00
+3.210000E-03,+3.151939733E+00
+3.215000E-03,+3.147919632E+00
+3.220000E-03,+3.151939733E+00
+3.225000E-03,+3.152944758E+00
+3.230000E-03,+3.151939733E+00
+3.235000E-03,+3.154954808E+00
+3.240000E-03,+3.151939733E+00
+3.245000E-03,+3.152944758E+00
+3.250000E-03,+3.149929683E+00
+3.255000E-03,+3.151939733E+00
+3.260000E-03,+3.151939733E+00
+3.265000E-03,+3.152944758E+00
+3.270000E-03,+3.147919632E+00
+3.275000E-03,+3.154954808E+00
+3.280000E-03,+3.143899532E+00
+3.285000E-03,+3.147919632E+00
+3.290000E-03,+3.147919632E+00
+3.295000E-03,+3.154954808E+00
+3.300000E-03,+3.151939733E+00
+3.305000E-03,+3.152944758E+00
+3.310000E-03,+3.149929683E+00
+3.315000E-03,+3.154954808E+00
+3.320000E-03,+3.151939733E+00
+3.325000E-03,+3.146914607E+00
+3.330000E-03,+3.149929683E+00
+3.335000E-03,+3.153949783E+00
+3.340000E-03,+3.151939733E+00
+3.345000E-03,+3.148924658E+00
+3.350000E-03,+3.157969884E+00
+3.355000E-03,+3.148924658E+00
+3.360000E-03,+3.151939733E+00
+3.365000E-03,+3.152944758E+00
+3.370000E-03,+3.153949783E+00
+3.375000E-03,+3.151939733E+00
+3.380000E-03,+3.151939733E+00
+3.385000E-03,+3.160984959E+00
+3.390000E-03,+3.145909582E+00
+3.395000E-03,+3.150934708E+00
+3.400000E-03,+3.135859331E+00
+3.405000E-03,+3.152944758E+00
+3.410000E-03,+3.151939733E+00
+3.415000E-03,+3.155959833E+00
+3.420000E-03,+3.155959833E+00
+3.425000E-03,+3.154954808E+00
+3.430000E-03,+3.157969884E+00
+3.435000E-03,+3.154954808E+00
+3.440000E-03,+3.151939733E+00
+3.445000E-03,+3.151939733E+00
+3.450000E-03,+3.149929683E+00
+3.455000E-03,+3.152944758E+00
+3.460000E-03,+3.155959833E+00
+3.465000E-03,+3.151939733E+00
+3.470000E-03,+3.151939733E+00
+3.475000E-03,+3.152944758E+00
+3.480000E-03,+3.151939733E+00
+3.485000E-03,+3.156964859E+00
+3.490000E-03,+3.184100537E+00
+3.495000E-03,+3.152944758E+00
+3.500000E-03,+3.155959833E+00
+3.505000E-03,+3.158974909E+00
+3.510000E-03,+3.151939733E+00
+3.515000E-03,+3.155959833E+00
+3.520000E-03,+3.111738728E+00
+3.525000E-03,+3.154954808E+00
+3.530000E-03,+3.149929683E+00
+3.535000E-03,+3.143899532E+00
+3.540000E-03,+3.151939733E+00
+3.545000E-03,+3.151939733E+00
+3.550000E-03,+3.153949783E+00
+3.555000E-03,+3.151939733E+00
+3.560000E-03,+3.151939733E+00
+3.565000E-03,+3.155959833E+00
+3.570000E-03,+3.155959833E+00
+3.575000E-03,+3.151939733E+00
+3.580000E-03,+3.151939733E+00
+3.585000E-03,+3.150934708E+00
+3.590000E-03,+3.151939733E+00
+3.595000E-03,+3.152944758E+00
+3.600000E-03,+3.151939733E+00
+3.605000E-03,+3.155959833E+00
+3.610000E-03,+3.157969884E+00
+3.615000E-03,+3.152944758E+00
+3.620000E-03,+3.147919632E+00
+3.625000E-03,+3.156964859E+00
+3.630000E-03,+3.157969884E+00
+3.635000E-03,+3.185105562E+00
+3.640000E-03,+3.151939733E+00
+3.645000E-03,+3.153949783E+00
+3.650000E-03,+3.145909582E+00
+3.655000E-03,+3.154954808E+00
+3.660000E-03,+3.147919633E+00
+3.665000E-03,+3.151939733E+00
+3.670000E-03,+3.149929683E+00
+3.675000E-03,+3.148924658E+00
+3.680000E-03,+3.151939733E+00
+3.685000E-03,+3.151939733E+00
+3.690000E-03,+3.153949783E+00
+3.695000E-03,+3.145909582E+00
+3.700000E-03,+3.155959833E+00
+3.705000E-03,+3.141889482E+00
+3.710000E-03,+3.147919632E+00
+3.715000E-03,+3.151939733E+00
+3.720000E-03,+3.155959833E+00
+3.725000E-03,+3.151939733E+00
+3.730000E-03,+3.151939733E+00
+3.735000E-03,+3.148924658E+00
+3.740000E-03,+3.147919632E+00
+3.745000E-03,+3.150934708E+00
+3.750000E-03,+3.155959833E+00
+3.755000E-03,+3.149929683E+00
+3.760000E-03,+3.151939733E+00
+3.765000E-03,+3.151939733E+00
+3.770000E-03,+3.155959833E+00
+3.775000E-03,+3.153949783E+00
+3.780000E-03,+3.151939733E+00
+3.785000E-03,+3.151939733E+00
+3.790000E-03,+3.149929683E+00
+3.795000E-03,+3.150934708E+00
+3.800000E-03,+3.147919632E+00
+3.805000E-03,+3.149929683E+00
+3.810000E-03,+3.147919632E+00
+3.815000E-03,+3.151939733E+00
+3.820000E-03,+3.147919633E+00
+3.825000E-03,+3.150934708E+00
+3.830000E-03,+3.147919633E+00
+3.835000E-03,+3.147919632E+00
+3.840000E-03,+3.151939733E+00
+3.845000E-03,+3.150934708E+00
+3.850000E-03,+3.155959833E+00
+3.855000E-03,+3.161989984E+00
+3.860000E-03,+3.164000034E+00
+3.865000E-03,+3.155959833E+00
+3.870000E-03,+3.151939733E+00
+3.875000E-03,+3.165005059E+00
+3.880000E-03,+3.151939733E+00
+3.885000E-03,+3.153949783E+00
+3.890000E-03,+3.153949783E+00
+3.895000E-03,+3.154954808E+00
+3.900000E-03,+3.147919632E+00
+3.905000E-03,+3.152944758E+00
+3.910000E-03,+3.149929683E+00
+3.915000E-03,+3.152944758E+00
+3.920000E-03,+3.155959833E+00
+3.925000E-03,+3.151939733E+00
+3.930000E-03,+3.151939733E+00
+3.935000E-03,+3.152944758E+00
+3.940000E-03,+3.151939733E+00
+3.945000E-03,+3.155959833E+00
+3.950000E-03,+3.147919633E+00
+3.955000E-03,+3.148924658E+00
+3.960000E-03,+3.155959833E+00
+3.965000E-03,+3.150934708E+00
+3.970000E-03,+3.153949783E+00
+3.975000E-03,+3.152944758E+00
+3.980000E-03,+3.155959833E+00
+3.985000E-03,+3.148924658E+00
+3.990000E-03,+3.180080436E+00
+3.995000E-03,+3.152944758E+00
+4.000000E-03,+3.151939733E+00
+4.005000E-03,+3.155959833E+00
+4.010000E-03,+3.151939733E+00
+4.015000E-03,+3.156964859E+00
+4.020000E-03,+3.155959833E+00
+4.025000E-03,+3.154954808E+00
+4.030000E-03,+3.168020135E+00
+4.035000E-03,+3.165005059E+00
+4.040000E-03,+3.151939733E+00
+4.045000E-03,+3.151939733E+00
+4.050000E-03,+3.155959833E+00
+4.055000E-03,+3.151939733E+00
+4.060000E-03,+3.155959833E+00
+4.065000E-03,+3.151939733E+00
+4.070000E-03,+3.149929683E+00
+4.075000E-03,+3.155959833E+00
+4.080000E-03,+3.155959833E+00
+4.085000E-03,+3.150934708E+00
+4.090000E-03,+3.151939733E+00
+4.095000E-03,+3.153949783E+00
+4.100000E-03,+3.151939733E+00
+4.105000E-03,+3.154954808E+00
+4.110000E-03,+3.153949783E+00
+4.115000E-03,+3.147919632E+00
+4.120000E-03,+3.155959833E+00
+4.125000E-03,+3.158974909E+00
+4.130000E-03,+3.157969884E+00
+4.135000E-03,+3.156964859E+00
+4.140000E-03,+3.155959833E+00
+4.145000E-03,+3.155959833E+00
+4.150000E-03,+3.151939733E+00
+4.155000E-03,+3.152944758E+00
+4.160000E-03,+3.147919633E+00
+4.165000E-03,+3.152944758E+00
+4.170000E-03,+3.153949783E+00
+4.175000E-03,+3.149929683E+00
+4.180000E-03,+3.155959833E+00
+4.185000E-03,+3.153949783E+00
+4.190000E-03,+3.151939733E+00
+4.195000E-03,+3.152944758E+00
+4.200000E-03,+3.200180938E+00
+4.205000E-03,+3.151939733E+00
+4.210000E-03,+3.153949783E+00
+4.215000E-03,+3.136864356E+00
+4.220000E-03,+3.151939733E+00
+4.225000E-03,+3.152944758E+00
+4.230000E-03,+3.155959833E+00
+4.235000E-03,+3.150934708E+00
+4.240000E-03,+3.155959833E+00
+4.245000E-03,+3.151939733E+00
+4.250000E-03,+3.149929683E+00
+4.255000E-03,+3.153949783E+00
+4.260000E-03,+3.164000034E+00
+4.265000E-03,+3.152944758E+00
+4.270000E-03,+3.153949783E+00
+4.275000E-03,+3.152944758E+00
+4.280000E-03,+3.147919632E+00
+4.285000E-03,+3.148924658E+00
+4.290000E-03,+3.149929683E+00
+4.295000E-03,+3.148924658E+00
+4.300000E-03,+3.147919632E+00
+4.305000E-03,+3.156964859E+00
+4.310000E-03,+3.143899532E+00
+4.315000E-03,+3.146914607E+00
+4.320000E-03,+3.143899532E+00
+4.325000E-03,+3.146914607E+00
+4.330000E-03,+3.145909582E+00
+4.335000E-03,+3.145909582E+00
+4.340000E-03,+3.151939733E+00
+4.345000E-03,+3.146914607E+00
+4.350000E-03,+3.147919632E+00
+4.355000E-03,+3.143899532E+00
+4.360000E-03,+3.143899532E+00
+4.365000E-03,+3.146914607E+00
+4.370000E-03,+3.147919632E+00
+4.375000E-03,+3.153949783E+00
+4.380000E-03,+3.155959833E+00
+4.385000E-03,+3.149929683E+00
+4.390000E-03,+3.151939733E+00
+4.395000E-03,+3.154954808E+00
+4.400000E-03,+3.155959833E+00
+4.405000E-03,+3.156964859E+00
+4.410000E-03,+3.157969884E+00
+4.415000E-03,+3.157969884E+00
+4.420000E-03,+3.159979934E+00
+4.425000E-03,+3.156964859E+00
+4.430000E-03,+3.155959833E+00
+4.435000E-03,+3.165005059E+00
+4.440000E-03,+3.164000034E+00
+4.445000E-03,+3.155959833E+00
+4.450000E-03,+3.157969884E+00
+4.455000E-03,+3.172040235E+00
+4.460000E-03,+3.159979934E+00
+4.465000E-03,+3.156964859E+00
+4.470000E-03,+3.161989984E+00
+4.475000E-03,+3.161989984E+00
+4.480000E-03,+3.159979934E+00
+4.485000E-03,+3.158974909E+00
+4.490000E-03,+3.159979934E+00
+4.495000E-03,+3.159979934E+00
+4.500000E-03,+3.159979934E+00
+4.505000E-03,+3.158974909E+00
+4.510000E-03,+3.155959833E+00
+4.515000E-03,+3.158974909E+00
+4.520000E-03,+3.155959833E+00
+4.525000E-03,+3.131839231E+00
+4.530000E-03,+3.155959833E+00
+4.535000E-03,+3.154954808E+00
+4.540000E-03,+3.155959833E+00
+4.545000E-03,+3.156964859E+00
+4.550000E-03,+3.153949783E+00
+4.555000E-03,+3.150934708E+00
+4.560000E-03,+3.155959833E+00
+4.565000E-03,+3.150934708E+00
+4.570000E-03,+3.155959833E+00
+4.575000E-03,+3.146914607E+00
+4.580000E-03,+3.151939733E+00
+4.585000E-03,+3.144904557E+00
+4.590000E-03,+3.151939733E+00
+4.595000E-03,+3.143899532E+00
+4.600000E-03,+3.139879432E+00
+4.605000E-03,+3.151939733E+00
+4.610000E-03,+3.145909582E+00
+4.615000E-03,+3.148924658E+00
+4.620000E-03,+3.147919632E+00
+4.625000E-03,+3.143899532E+00
+4.630000E-03,+3.145909582E+00
+4.635000E-03,+3.143899532E+00
+4.640000E-03,+3.131839231E+00
+4.645000E-03,+3.141889482E+00
+4.650000E-03,+3.147919632E+00
+4.655000E-03,+3.144904557E+00
+4.660000E-03,+3.155959833E+00
+4.665000E-03,+3.144904557E+00
+4.670000E-03,+3.143899532E+00
+4.675000E-03,+3.147919632E+00
+4.680000E-03,+3.147919632E+00
+4.685000E-03,+3.144904557E+00
+4.690000E-03,+3.143899532E+00
+4.695000E-03,+3.149929683E+00
+4.700000E-03,+3.131839231E+00
+4.705000E-03,+3.146914607E+00
+4.710000E-03,+3.149929683E+00
+4.715000E-03,+3.153949783E+00
+4.720000E-03,+3.147919632E+00
+4.725000E-03,+3.151939733E+00
+4.730000E-03,+3.157969884E+00
+4.735000E-03,+3.149929683E+00
+4.740000E-03,+3.151939733E+00
+4.745000E-03,+3.151939733E+00
+4.750000E-03,+3.149929683E+00
+4.755000E-03,+3.154954808E+00
+4.760000E-03,+3.151939733E+00
+4.765000E-03,+3.154954808E+00
+4.770000E-03,+3.149929683E+00
+4.775000E-03,+3.151939733E+00
+4.780000E-03,+3.147919633E+00
+4.785000E-03,+3.143899532E+00
+4.790000E-03,+3.153949783E+00
+4.795000E-03,+3.147919632E+00
+4.800000E-03,+3.155959833E+00
+4.805000E-03,+3.152944758E+00
+4.810000E-03,+3.149929683E+00
+4.815000E-03,+3.150934708E+00
+4.820000E-03,+3.155959833E+00
+4.825000E-03,+3.164000034E+00
+4.830000E-03,+3.153949783E+00
+4.835000E-03,+3.158974909E+00
+4.840000E-03,+3.151939733E+00
+4.845000E-03,+3.155959833E+00
+4.850000E-03,+3.196160838E+00
+4.855000E-03,+3.153949783E+00
+4.860000E-03,+3.155959833E+00
+4.865000E-03,+3.159979934E+00
+4.870000E-03,+3.159979934E+00
+4.875000E-03,+3.150934708E+00
+4.880000E-03,+3.159979934E+00
+4.885000E-03,+3.155959833E+00
+4.890000E-03,+3.149929683E+00
+4.895000E-03,+3.155959833E+00
+4.900000E-03,+3.159979934E+00
+4.905000E-03,+3.185105562E+00
+4.910000E-03,+3.155959833E+00
+4.915000E-03,+3.156964859E+00
+4.920000E-03,+3.155959833E+00
+4.925000E-03,+3.156964859E+00
+4.930000E-03,+3.170030185E+00
+4.935000E-03,+3.153949783E+00
+4.940000E-03,+3.151939733E+00
+4.945000E-03,+3.152944758E+00
+4.950000E-03,+3.151939733E+00
+4.955000E-03,+3.155959833E+00
+4.960000E-03,+3.155959833E+00
+4.965000E-03,+3.140884457E+00
+4.970000E-03,+3.155959833E+00
+4.975000E-03,+3.152944758E+00
+4.980000E-03,+3.151939733E+00
+4.985000E-03,+3.155959833E+00
+4.990000E-03,+3.157969884E+00
+4.995000E-03,+3.151939733E+00
