event_id,seq,ts_ms,ax,ay,az,gx,gy,gz
1,0,129917,2859,-16287,-1494,-11,-717,84
1,1,129922,2950,-16259,-1484,-9,-694,76
1,2,129927,2813,-16107,-1351,-10,-684,66
1,3,129932,2569,-15901,-980,-8,-698,59
1,4,129937,2564,-15860,-694,-1,-724,56
1,5,129942,2669,-15896,-835,3,-738,57
1,6,129947,2708,-15933,-686,9,-745,51
1,7,129952,2499,-16049,-976,11,-778,43
1,8,129957,2383,-16074,-886,12,-803,39
1,9,129962,2503,-16193,-969,16,-820,39
1,10,129967,2595,-16309,-1119,14,-813,34
1,11,129972,2545,-16486,-1039,11,-795,28
1,12,129977,2355,-16544,-960,16,-793,22
1,13,129982,2126,-16658,-1512,16,-806,19
1,14,129987,2191,-16571,-2001,6,-770,11
1,15,129992,2050,-16465,-1485,0,-706,4
1,16,129997,2074,-16485,-1190,9,-674,5
1,17,130002,2181,-16615,-1804,10,-675,-1
1,18,130007,2237,-16688,-1362,5,-644,-8
1,19,130012,2232,-16554,-1369,4,-638,-9
1,20,130017,2341,-16496,-1492,2,-604,-14
1,21,130022,2138,-16384,-866,5,-563,-16
1,22,130027,2305,-16509,-1237,14,-578,-14
1,23,130032,2350,-16522,-1374,3,-569,-18
1,24,130037,2336,-16628,-635,-4,-541,-24
1,25,130042,2248,-16745,-561,7,-553,-20
1,26,130047,2341,-16803,-920,8,-568,-21
1,27,130052,2310,-16775,-725,0,-569,-25
1,28,130057,2275,-16695,-430,9,-593,-23
1,29,130062,2366,-16729,-1200,9,-639,-20
1,30,130067,2245,-16664,-832,4,-628,-24
1,31,130072,2222,-16564,-991,1,-636,-26
1,32,130077,2318,-16507,-1407,2,-625,-23
1,33,130082,2277,-16516,-1708,0,-596,-23
1,34,130087,2213,-16418,-1466,0,-555,-26
1,35,130092,2158,-16295,-1929,1,-535,-28
1,36,130097,2119,-16271,-2066,-3,-477,-29
1,37,130102,2123,-16183,-2004,0,-411,-26
1,38,130107,2268,-16165,-2559,-1,-348,-28
1,39,130112,2277,-16207,-2106,-10,-253,-32
1,40,130117,2436,-16279,-2063,-10,-200,-33
1,41,130122,2587,-16221,-1596,-21,-137,-36
1,42,130127,3050,-16570,189,-27,-78,-34
1,43,130132,2627,-16094,113,-42,-118,-24
1,44,130137,2769,-15905,945,-27,-165,-29
1,45,130142,2329,-16153,-145,-2,-279,-19
1,46,130147,2118,-15914,-154,-11,-438,-10
1,47,130152,2554,-15478,968,-20,-594,-8
1,48,130157,2153,-16296,1652,-1,-763,6
1,49,130162,1628,-17279,303,28,-933,12
1,50,130167,1901,-17191,-444,35,-1035,6
1,51,130172,1974,-16611,-1072,26,-1095,6
1,52,130177,1898,-16103,-1034,6,-1098,5
1,53,130182,1990,-16830,-1979,8,-1066,7
1,54,130187,2076,-17143,-3155,29,-983,20
1,55,130192,2329,-16912,-3664,23,-850,9
1,56,130197,1716,-16435,-3371,1,-714,-10
1,57,130202,1068,-16378,-3641,5,-586,-10
1,58,130207,1203,-16273,-4180,0,-401,-4
1,59,130212,1677,-16362,-3679,-16,-164,-10
1,60,130217,1672,-16484,-3467,-34,1,-28
1,61,130222,1461,-16567,-2702,-38,124,-35
1,62,130227,1691,-16761,-2305,-21,183,-25
1,63,130232,2153,-16902,-2239,-27,241,-33
1,64,130237,2278,-16757,-1269,-40,297,-41
1,65,130242,1832,-16595,14,-51,280,-45
1,66,130247,2123,-16618,475,-28,43,-27
1,67,130252,2418,-16517,554,-21,-100,-23
1,68,130257,2632,-16763,268,-3,-274,-18
1,69,130262,2299,-16727,-119,-7,-441,-14
1,70,130267,2047,-16887,207,7,-575,-6
1,71,130272,2090,-17104,-1645,31,-717,1
1,72,130277,2100,-17138,-2329,23,-712,1
1,73,130282,1871,-16982,-2520,16,-668,0
1,74,130287,1824,-17137,-3206,16,-609,-3
1,75,130292,1647,-17198,-3354,13,-488,-7
1,76,130297,1478,-16946,-3730,4,-347,-14
1,77,130302,1660,-17310,-4058,-13,-180,-21
1,78,130307,1734,-17240,-3387,-37,23,-29
1,79,130312,1904,-17063,-2858,-39,151,-33
1,80,130317,1872,-17222,-2535,-38,237,-35
1,81,130322,1887,-17236,-1577,-45,289,-38
1,82,130327,1897,-17043,-1096,-51,291,-37
1,83,130332,1845,-17003,-209,-52,271,-36
1,84,130337,2073,-16845,-672,-42,190,-32
1,85,130342,2180,-16835,-371,-47,114,-30
1,86,130347,2277,-16931,-187,-29,-24,-21
1,87,130352,2293,-16978,-366,-21,-181,-19
1,88,130357,2305,-16793,-557,2,-319,-11
1,89,130362,2311,-16981,-1669,5,-423,-10
1,90,130367,2186,-17202,-1303,4,-440,-3
1,91,130372,2278,-16947,-2732,9,-492,0
1,92,130377,2163,-16880,-2014,-3,-461,0
1,93,130382,2111,-16825,-2464,15,-462,7
1,94,130387,2153,-16771,-3608,15,-417,4
1,95,130392,1858,-16829,-2921,-13,-285,4
1,96,130397,1593,-16820,-1618,0,-205,8
1,97,130402,1972,-16451,-3018,62,-249,13
1,98,130407,1984,-16553,-3796,2,-169,2
1,99,130412,1731,-16613,-1529,-36,-6,-5
1,100,130417,1666,-16677,-2082,-20,19,-1
1,101,130422,1706,-16831,-2248,-23,42,9
1,102,130427,1919,-16817,-1297,-28,36,6
1,103,130432,1936,-16624,-1707,-16,-42,6
1,104,130437,1788,-16683,-1888,-10,-56,5
1,105,130442,1678,-16611,-1412,-22,-49,7
1,106,130447,1917,-16676,-1532,-22,-81,12
1,107,130452,2097,-16632,-1345,-22,-125,14
1,108,130457,1951,-16668,-1165,-16,-195,13
1,109,130462,1728,-16633,-1425,-2,-284,17
1,110,130467,1493,-16580,-1687,4,-349,23
1,111,130472,1614,-16596,-1895,4,-396,29
1,112,130477,1729,-16568,-1766,8,-434,34
1,113,130482,1491,-16731,-1716,21,-492,35
1,114,130487,1508,-16734,-3145,34,-555,35
1,115,130492,1210,-16797,-2801,8,-487,27
1,116,130497,1156,-16829,-2646,13,-443,30
1,117,130502,1158,-16754,-1901,32,-415,31
1,118,130507,1346,-16851,-3273,84,-477,41
1,119,130512,1053,-16953,-3845,30,-433,21
1,120,130517,812,-17089,-2178,12,-325,21
1,121,130522,722,-17052,-3256,28,-312,21
1,122,130527,731,-17162,-2390,14,-241,19
1,123,130532,723,-17247,-2383,25,-262,13
1,124,130537,695,-17202,-3141,30,-281,7
1,125,130542,571,-17190,-2618,25,-230,0
1,126,130547,621,-17203,-2678,22,-194,-3
1,127,130552,642,-17200,-2351,17,-154,-4
1,128,130557,729,-17074,-2446,20,-157,-10
1,129,130562,725,-16976,-2685,25,-171,-14
1,130,130567,765,-16929,-2475,20,-163,-18
1,131,130572,890,-16721,-2571,20,-156,-18
1,132,130577,1024,-16699,-2073,19,-143,-24
1,133,130582,1093,-16733,-2225,28,-163,-22
1,134,130587,1191,-16547,-2667,33,-176,-24
1,135,130592,1139,-16414,-2063,27,-173,-27
1,136,130597,1198,-16472,-2385,32,-201,-26
1,137,130602,1249,-16435,-2032,30,-190,-26
1,138,130607,1301,-16359,-2213,33,-203,-26
1,139,130612,1353,-16497,-2379,29,-213,-30
1,140,130617,1056,-16541,-2000,32,-238,-33
1,141,130622,1056,-16467,-1829,30,-231,-34
1,142,130627,1077,-16561,-1717,29,-222,-33
1,143,130632,1177,-16487,-1868,23,-230,-36
1,144,130637,1018,-16644,-2267,20,-186,-42
1,145,130642,892,-16596,-1626,-2,-160,-45
1,146,130647,654,-16967,-1268,6,-165,-42
1,147,130652,731,-17035,-1969,19,-194,-46
1,148,130657,556,-17107,-2067,5,-172,-53
1,149,130662,360,-17210,-1484,3,-109,-61
1,150,130667,523,-17138,-1958,-5,-122,-64
1,151,130672,616,-17148,-2040,-9,-56,-67
1,152,130677,671,-17273,-2180,-14,35,-72
1,153,130682,579,-17240,-1512,-30,71,-80
1,154,130687,626,-17300,-1772,-25,51,-81
1,155,130692,628,-17289,-1846,-27,64,-89
1,156,130697,592,-17222,-1582,-28,84,-94
1,157,130702,782,-17130,-1724,-30,86,-99
1,158,130707,828,-17028,-1771,-33,85,-104
1,159,130712,958,-17033,-1734,-33,74,-107
1,160,130717,970,-17056,-1814,-33,52,-112
1,161,130722,877,-17112,-1730,-32,36,-114
1,162,130727,806,-17133,-1750,-34,20,-114
1,163,130732,852,-17111,-1797,-35,13,-116
1,164,130737,951,-17077,-1887,-36,1,-118
1,165,130742,1014,-17078,-1907,-38,-2,-121
1,166,130747,970,-17064,-1867,-37,-11,-121
1,167,130752,800,-17125,-1919,-37,-15,-123
1,168,130757,765,-17224,-1905,-39,-15,-127
1,169,130762,796,-17301,-1882,-40,-12,-131
1,170,130767,849,-17261,-1826,-39,-10,-134
1,171,130772,835,-17232,-1906,-39,-7,-135
1,172,130777,838,-17229,-1912,-41,-2,-139
1,173,130782,903,-17155,-2031,-41,-5,-141
1,174,130787,947,-17031,-2149,-43,-1,-143
1,175,130792,965,-16969,-2172,-47,6,-146
1,176,130797,934,-16920,-2197,-50,17,-151
1,177,130802,998,-16833,-2247,-51,32,-152
1,178,130807,1175,-16828,-2337,-56,50,-154
1,179,130812,1478,-16719,-2505,-63,75,-154
1,180,130817,1631,-16762,-2544,-66,147,-158
1,181,130822,1520,-16704,-1615,-83,181,-165
1,182,130827,1456,-16747,-1918,-82,135,-160
1,183,130832,1523,-16659,-1736,-86,127,-160
1,184,130837,1594,-16598,-1741,-84,105,-154
1,185,130842,1673,-16450,-1559,-83,87,-154
1,186,130847,1673,-16546,-1753,-69,47,-151
1,187,130852,1714,-16432,-1822,-83,12,-151
1,188,130857,1731,-16403,-2105,-84,-8,-149
1,189,130862,1728,-16256,-2014,-88,-8,-145
1,190,130867,1765,-16172,-2215,-84,-10,-141
1,191,130872,1821,-16153,-2326,-89,-4,-140
1,192,130877,1759,-16075,-2282,-86,-1,-135
1,193,130882,1803,-16053,-2341,-83,5,-133
1,194,130887,1829,-16003,-2332,-85,18,-130
1,195,130892,1757,-16096,-2355,-86,29,-128
1,196,130897,1544,-16022,-2234,-87,33,-125
1,197,130902,1342,-15951,-2438,-82,24,-124
1,198,130907,1264,-15894,-2548,-81,32,-124
1,199,130912,1282,-15917,-2868,-78,52,-120
1,200,130917,1411,-15932,-3001,-78,81,-119
1,201,130922,1507,-15966,-3086,-76,117,-119
1,202,130927,1625,-15974,-3131,-80,155,-120
1,203,130932,1636,-15930,-3157,-76,210,-120
1,204,130937,1642,-15803,-3000,-77,271,-117
1,205,130942,1765,-15808,-2794,-77,307,-116
1,206,130947,1875,-15770,-2743,-71,320,-111
1,207,130952,1920,-15780,-2514,-69,329,-108
1,208,130957,1860,-15831,-2259,-67,330,-107
1,209,130962,1925,-15853,-2348,-65,325,-104
1,210,130967,2097,-15840,-2379,-65,328,-98
1,211,130972,2237,-15750,-2341,-65,319,-92
1,212,130977,2251,-15720,-2174,-61,300,-90
1,213,130982,2340,-15529,-2391,-50,252,-77
1,214,130987,2292,-15461,-2329,-43,232,-70
1,215,130992,2248,-15478,-2458,-42,207,-66
1,216,130997,2295,-15470,-2302,-40,194,-59
1,217,131002,2339,-15432,-2522,-28,167,-55
1,218,131007,2291,-15318,-2625,-26,161,-50
1,219,131012,2201,-15437,-2389,-23,161,-43
1,220,131017,2197,-15420,-2660,-23,152,-40
1,221,131022,2253,-15357,-2648,-26,162,-36
1,222,131027,2298,-15261,-2661,-17,169,-30
1,223,131032,2301,-15214,-2926,-12,180,-26
1,224,131037,2328,-15273,-2789,-17,205,-22
1,225,131042,2245,-15226,-2519,-17,215,-21
1,226,131047,2236,-15300,-2451,-9,211,-15
1,227,131052,2212,-15295,-2261,-8,215,-9
1,228,131057,2145,-15335,-2202,-4,204,-7
1,229,131062,2147,-15415,-2093,-4,177,-3
1,230,131067,2149,-15433,-1972,0,138,1
1,231,131072,2195,-15424,-1989,4,94,8
1,232,131077,2209,-15454,-2144,12,52,13
1,233,131082,2216,-15473,-2197,15,23,16
1,234,131087,2203,-15557,-2364,18,-4,21
1,235,131092,2218,-15651,-2328,20,-21,25
1,236,131097,2239,-15720,-2345,25,-34,29
1,237,131102,2213,-15801,-2449,24,-29,32
1,238,131107,2191,-15901,-2512,26,-11,32
1,239,131112,2189,-15975,-2464,25,8,37
1,240,131117,2158,-16070,-2435,25,26,41
1,241,131122,2158,-16083,-2348,23,39,43
1,242,131127,2072,-16104,-2283,26,48,44
1,243,131132,2001,-16129,-2421,27,58,47
1,244,131137,1955,-16128,-2397,22,75,47
1,245,131142,2059,-16079,-2341,20,86,48
1,246,131147,2173,-16083,-2358,20,93,47
1,247,131152,2216,-16088,-2415,21,99,48
1,248,131157,2247,-16045,-2494,21,101,52
1,249,131162,2236,-15987,-2588,21,110,54
1,250,131167,2261,-15931,-2348,23,114,57
1,251,131172,2360,-15885,-2315,23,110,61
1,252,131177,2402,-15872,-2145,23,105,64
1,253,131182,2373,-15922,-2068,27,83,68
1,254,131187,2395,-15958,-2098,31,49,71
1,255,131192,2440,-15950,-2112,28,17,72
1,256,131197,2446,-15971,-2092,30,-18,77
1,257,131202,2406,-16079,-2165,33,-50,81
1,258,131207,2423,-16090,-2191,36,-72,85
1,259,131212,2318,-16117,-2319,34,-91,85
1,260,131217,2252,-16114,-2458,35,-98,88
1,261,131222,2188,-16195,-2545,34,-92,90
1,262,131227,2103,-16289,-2524,34,-74,92
1,263,131232,2031,-16319,-2624,32,-53,90
1,264,131237,1940,-16290,-2724,29,-27,89
1,265,131242,1869,-16230,-2779,29,4,89
1,266,131247,1912,-16198,-2776,25,43,89
1,267,131252,1984,-16177,-2643,20,79,87
1,268,131257,1963,-16133,-2554,16,102,85
1,269,131262,1955,-16125,-2426,17,108,86
1,270,131267,1957,-16106,-2349,24,97,85
1,271,131272,1987,-16094,-2277,26,78,87
1,272,131277,2040,-16101,-2152,27,57,89
1,273,131282,2052,-16127,-2148,27,33,91
1,274,131287,2054,-16170,-2120,30,0,91
1,275,131292,2049,-16261,-2099,30,-31,93
1,276,131297,1978,-16312,-2138,31,-56,92
1,277,131302,1969,-16335,-2165,31,-75,90
1,278,131307,1969,-16365,-2171,29,-87,91
1,279,131312,1909,-16404,-2159,30,-97,95
1,280,131317,1865,-16399,-2190,29,-107,93
1,281,131322,1697,-16451,-2232,24,-112,88
1,282,131327,1658,-16514,-2305,26,-111,90
1,283,131332,1683,-16529,-2371,24,-99,89
1,284,131337,1721,-16477,-2463,20,-83,85
1,285,131342,1759,-16363,-2511,19,-66,83
1,286,131347,1710,-16262,-2573,16,-48,82
1,287,131352,1700,-16215,-2521,11,-11,76
1,288,131357,1673,-16211,-2372,10,2,77
1,289,131362,1605,-16254,-2281,8,6,72
1,290,131367,1649,-16256,-2327,7,5,69
1,291,131372,1740,-16270,-2335,5,9,68
1,292,131377,1814,-16285,-2256,2,12,66
1,293,131382,1855,-16313,-2104,0,2,68
1,294,131387,1833,-16355,-1997,1,-17,65
1,295,131392,1827,-16382,-2042,6,-40,65
1,296,131397,1862,-16419,-2052,2,-57,66
1,297,131402,1972,-16393,-2175,-1,-72,67
1,298,131407,2040,-16339,-2058,0,-82,64
1,299,131412,2017,-16362,-2077,-1,-97,63
1,300,131417,1938,-16406,-2149,-2,-110,64
1,301,131422,1873,-16410,-2269,-2,-118,63
1,302,131427,1772,-16417,-2357,-4,-102,62
1,303,131432,1760,-16444,-2192,-11,-84,61
1,304,131437,1743,-16440,-2329,-11,-79,61
1,305,131442,1727,-16451,-2581,-8,-68,62
1,306,131447,1695,-16411,-2488,-13,-50,59
1,307,131452,1579,-16361,-2448,-16,-36,54
1,308,131457,1599,-16357,-2484,-15,-20,50
1,309,131462,1600,-16378,-2405,-17,-3,51
1,310,131467,1699,-16331,-2525,-13,5,49
1,311,131472,1701,-16306,-2465,-19,22,46
1,312,131477,1701,-16251,-2358,-19,24,45
1,313,131482,1727,-16186,-2270,-20,22,47
1,314,131487,1825,-16109,-2228,-21,19,44
1,315,131492,1849,-16086,-2183,-19,6,46
1,316,131497,1851,-16079,-2135,-16,-12,46
1,317,131502,1801,-16103,-2085,-14,-37,47
1,318,131507,1845,-16143,-2128,-9,-66,49
1,319,131512,1912,-16201,-2155,-13,-78,44
1,320,131517,1853,-16254,-2137,-19,-83,43
1,321,131522,1712,-16304,-2165,-19,-92,44
1,322,131527,1705,-16232,-2372,-20,-90,40
1,323,131532,1682,-16207,-2357,-21,-77,40
1,324,131537,1717,-16246,-2416,-22,-66,37
1,325,131542,1740,-16271,-2441,-20,-55,40
1,326,131547,1685,-16233,-2387,-19,-47,37
1,327,131552,1644,-16209,-2415,-19,-45,36
1,328,131557,1552,-16220,-2389,-21,-32,35
1,329,131562,1636,-16187,-2358,-25,-18,33
1,330,131567,1765,-16185,-2385,-22,-18,31
1,331,131572,1776,-16206,-2296,-22,-18,29
1,332,131577,1744,-16191,-2235,-25,-27,32
1,333,131582,1705,-16159,-2293,-22,-41,30
1,334,131587,1721,-16147,-2354,-22,-46,29
1,335,131592,1778,-16150,-2401,-22,-43,28
1,336,131597,1817,-16104,-2457,-22,-39,26
1,337,131602,1830,-16081,-2446,-21,-33,29
1,338,131607,1872,-16057,-2404,-21,-30,26
1,339,131612,1861,-16070,-2353,-23,-25,25
1,340,131617,1723,-16127,-2201,-24,-23,26
1,341,131622,1529,-16240,-2104,-24,-27,22
1,342,131627,1492,-16301,-2037,-24,-32,22
1,343,131632,1483,-16310,-2168,-23,-37,21
1,344,131637,1540,-16278,-2323,-21,-31,19
1,345,131642,1571,-16263,-2394,-26,-23,18
1,346,131647,1567,-16250,-2478,-28,-16,19
1,347,131652,1534,-16254,-2433,-25,-5,16
1,348,131657,1483,-16307,-2428,-25,7,11
1,349,131662,1529,-16308,-2489,-26,22,11
1,350,131667,1604,-16302,-2439,-27,41,7
1,351,131672,1641,-16218,-2293,-30,51,9
1,352,131677,1634,-16234,-2203,-30,49,6
1,353,131682,1636,-16230,-2192,-29,34,4
1,354,131687,1624,-16191,-2130,-25,18,8
1,355,131692,1668,-16233,-2116,-24,7,9
1,356,131697,1652,-16243,-2184,-26,-9,4
1,357,131702,1713,-16218,-2225,-24,-21,4
1,358,131707,1721,-16175,-2278,-25,-32,4
1,359,131712,1751,-16186,-2360,-23,-36,4
1,360,131717,1772,-16169,-2310,-21,-39,4
1,361,131722,1631,-16234,-2385,-23,-44,3
1,362,131727,1568,-16205,-2395,-20,-42,5
1,363,131732,1580,-16261,-2475,-16,-43,5
1,364,131737,1568,-16300,-2461,-18,-33,1
1,365,131742,1503,-16354,-2408,-20,-24,-4
1,366,131747,1464,-16314,-2504,-20,-14,-4
1,367,131752,1395,-16290,-2532,-17,1,-6
1,368,131757,1496,-16259,-2595,-19,19,-7
1,369,131762,1538,-16213,-2573,-22,41,-8
1,370,131767,1561,-16188,-2374,-23,58,-11
1,371,131772,1659,-16123,-2292,-18,59,-8
1,372,131777,1668,-16109,-2390,-18,56,-8
1,373,131782,1697,-16090,-2307,-18,55,-13
1,374,131787,1809,-16085,-2324,-18,43,-11
1,375,131792,1864,-16128,-2230,-15,30,-10
1,376,131797,1848,-16110,-2181,-13,14,-9
1,377,131802,1799,-16171,-2136,-13,0,-8
1,378,131807,1761,-16223,-2145,-10,-16,-9
1,379,131812,1740,-16213,-2167,-13,-27,-9
1,380,131817,1758,-16198,-2216,-10,-42,-4
1,381,131822,1721,-16220,-2204,-9,-55,-3
1,382,131827,1593,-16261,-2318,-10,-68,-5
1,383,131832,1557,-16292,-2470,-10,-70,-7
1,384,131837,1552,-16273,-2532,-8,-66,-4
1,385,131842,1563,-16279,-2573,-6,-55,-2
1,386,131847,1536,-16307,-2631,-9,-34,-7
1,387,131852,1506,-16296,-2678,-9,-19,-9
1,388,131857,1487,-16259,-2676,-8,4,-9
1,389,131862,1504,-16238,-2642,-8,26,-9
1,390,131867,1523,-16239,-2560,-14,49,-13
1,391,131872,1515,-16252,-2488,-14,64,-12
1,392,131877,1567,-16231,-2416,-12,66,-12
1,393,131882,1667,-16175,-2302,-10,64,-12
1,394,131887,1709,-16134,-2268,-11,61,-14
1,395,131892,1748,-16133,-2185,-10,48,-11
1,396,131897,1709,-16216,-2176,-3,23,-8
1,397,131902,1716,-16221,-2136,-3,-2,-8
1,398,131907,1746,-16234,-2140,-1,-27,-9
1,399,131912,1760,-16214,-2230,0,-42,-8
1,400,131917,1781,-16156,-2378,1,-48,-7
1,401,131922,1739,-16157,-2443,-2,-53,-5
1,402,131927,1729,-16167,-2458,-2,-60,-3
1,403,131932,1647,-16305,-2475,1,-58,-2
1,404,131937,1567,-16321,-2551,-2,-48,-7
1,405,131942,1545,-16258,-2618,1,-32,-6
1,406,131947,1548,-16252,-2678,-1,-6,-7
1,407,131952,1593,-16240,-2591,-3,14,-6
1,408,131957,1580,-16235,-2463,-3,22,-8
1,409,131962,1533,-16239,-2326,-4,30,-7
1,410,131967,1428,-16255,-2246,-3,35,-6
1,411,131972,1478,-16269,-2340,-4,36,-7
1,412,131977,1491,-16178,-2362,-7,39,-7
1,413,131982,1482,-16127,-2189,-6,29,-6
1,414,131987,1549,-16105,-2229,-3,15,-7
1,415,131992,1634,-16088,-2325,-2,3,-8
1,416,131997,1667,-16058,-2439,-2,0,-7
1,417,132002,1692,-16080,-2460,0,-4,-6
1,418,132007,1672,-16074,-2405,-3,-7,-6
1,419,132012,1679,-16027,-2389,-5,-13,-7
1,420,132017,1706,-16022,-2384,-5,-10,-10
1,421,132022,1738,-15992,-2386,-2,-2,-5
1,422,132027,1759,-15954,-2467,-3,-4,-4
1,423,132032,1724,-16007,-2367,-3,-12,-2
1,424,132037,1665,-16035,-2246,-5,-20,-3
1,425,132042,1663,-16144,-2308,-2,-30,0
1,426,132047,1558,-16187,-2314,-1,-36,-2
1,427,132052,1474,-16179,-2360,-2,-36,0
1,428,132057,1491,-16209,-2505,-2,-37,-1
1,429,132062,1578,-16159,-2577,-3,-34,-4
1,430,132067,1638,-16114,-2654,-3,-21,-1
1,431,132072,1612,-16123,-2628,-5,-6,-3
1,432,132077,1562,-16115,-2571,-5,6,-4
1,433,132082,1523,-16077,-2527,-7,19,-3
1,434,132087,1588,-16077,-2430,-10,41,0
1,435,132092,1626,-16062,-2420,-7,45,0
1,436,132097,1636,-16050,-2368,-9,39,-2
1,437,132102,1677,-16081,-2317,-10,27,-1
1,438,132107,1596,-16086,-2292,-9,13,0
1,439,132112,1539,-16134,-2312,-6,1,2
1,440,132117,1597,-16148,-2299,-10,-7,7
1,441,132122,1641,-16170,-2227,-15,-10,5
1,442,132127,1680,-16180,-2239,-16,-15,8
1,443,132132,1682,-16177,-2336,-14,-17,8
1,444,132137,1726,-16175,-2394,-14,-15,10
1,445,132142,1740,-16166,-2374,-19,-12,9
1,446,132147,1630,-16127,-2183,-21,-19,11
1,447,132152,1531,-16127,-2231,-23,-30,17
1,448,132157,1461,-16129,-2254,-26,-41,21
1,449,132162,1356,-16161,-2188,-27,-56,25
1,450,132167,1427,-16109,-2269,-31,-67,30
1,451,132172,1750,-16068,-2290,-39,-63,35
1,452,132177,1917,-15954,-2348,-40,-62,41
1,453,132182,1776,-15888,-2342,-41,-69,46
1,454,132187,1550,-15949,-2352,-45,-82,49
1,455,132192,1530,-15983,-2497,-48,-88,59
1,456,132197,1648,-15913,-2468,-54,-79,66
1,457,132202,1670,-15827,-2290,-59,-69,71
1,458,132207,1388,-15782,-2471,-63,-77,78
1,459,132212,1162,-15883,-2648,-66,-97,87
1,460,132217,1099,-15999,-2564,-68,-119,94
1,461,132222,1002,-15829,-1964,-80,-140,101
1,462,132227,1198,-15880,-2153,-86,-175,108
1,463,132232,1103,-16069,-2026,-74,-200,122
1,464,132237,1269,-16106,-2352,-84,-231,128
1,465,132242,1035,-16094,-2690,-99,-259,136
1,466,132247,1062,-16143,-2656,-97,-261,146
1,467,132252,1051,-16218,-2746,-100,-266,163
1,468,132257,1029,-16017,-2651,-110,-270,166
1,469,132262,775,-16076,-3172,-113,-258,179
1,470,132267,721,-16092,-3242,-120,-237,194
1,471,132272,781,-16150,-3466,-121,-223,207
1,472,132277,816,-16193,-3290,-123,-204,217
1,473,132282,817,-16037,-2688,-140,-198,223
1,474,132287,690,-16125,-3041,-140,-207,240
1,475,132292,686,-16252,-3384,-148,-198,255
1,476,132297,908,-16194,-3360,-154,-190,268
1,477,132302,785,-16088,-2390,-150,-186,279
1,478,132307,516,-15963,-1882,-166,-236,288
1,479,132312,238,-16376,-3048,-161,-257,308
1,480,132317,402,-16562,-3916,-169,-227,332
1,481,132322,790,-16383,-3769,-182,-190,343
1,482,132327,585,-16354,-3422,-188,-184,351
1,483,132332,243,-16308,-3268,-192,-196,361
1,484,132337,46,-16200,-3418,-192,-186,381
1,485,132342,180,-16146,-3723,-200,-147,399
1,486,132347,278,-16081,-2691,-203,-86,413
1,487,132352,258,-16284,-3361,-209,-114,424
1,488,132357,217,-16487,-4051,-208,-82,442
1,489,132362,263,-16261,-3517,-219,-77,455
1,490,132367,100,-16025,-2829,-227,-112,462
1,491,132372,-202,-16033,-3077,-231,-155,480
1,492,132377,-136,-16094,-3444,-234,-132,500
1,493,132382,260,-16140,-3514,-237,-106,521
1,494,132387,454,-16109,-3360,-245,-115,537
1,495,132392,326,-16072,-3194,-256,-148,550
1,496,132397,221,-15967,-3041,-257,-171,564
1,497,132402,261,-15836,-3316,-255,-178,585
1,498,132407,241,-15844,-3157,-263,-170,606
1,499,132412,56,-15962,-2996,-274,-199,622
1,500,132417,-40,-16035,-2899,-272,-257,638
1,501,132422,-167,-16056,-2981,-268,-309,656
1,502,132427,-278,-16139,-3417,-265,-323,672
1,503,132432,-432,-16132,-3907,-268,-304,689
1,504,132437,-550,-16128,-4024,-281,-273,699
1,505,132442,-571,-16137,-3929,-286,-251,713
1,506,132447,-504,-16059,-4049,-290,-227,728
1,507,132452,-578,-16044,-4148,-295,-184,738
1,508,132457,-828,-16031,-3875,-303,-109,763
1,509,132462,-786,-15998,-3585,-307,-99,775
1,510,132467,-690,-16030,-3382,-306,-113,789
1,511,132472,-632,-16009,-3428,-302,-134,799
1,512,132477,-773,-15978,-3488,-304,-154,808
1,513,132482,-916,-15990,-3385,-305,-186,818
1,514,132487,-949,-15954,-3532,-306,-224,831
1,515,132492,-947,-16014,-3482,-303,-244,846
1,516,132497,-1002,-16029,-3766,-306,-256,853
1,517,132502,-1103,-16006,-3715,-304,-259,864
1,518,132507,-1164,-16001,-3892,-302,-269,872
1,519,132512,-1307,-15988,-3843,-304,-263,877
1,520,132517,-1441,-16029,-3913,-304,-262,886
1,521,132522,-1449,-16007,-4039,-305,-251,892
1,522,132527,-1408,-15989,-4039,-307,-230,898
1,523,132532,-1408,-16004,-3921,-307,-207,901
1,524,132537,-1479,-15999,-3986,-304,-198,905
1,525,132542,-1553,-15933,-4009,-302,-191,907
1,526,132547,-1692,-15884,-4021,-302,-185,908
1,527,132552,-1744,-15908,-3880,-301,-170,913
1,528,132557,-1797,-15874,-3955,-303,-170,914
1,529,132562,-1774,-15884,-3711,-303,-164,915
1,530,132567,-1916,-15952,-3624,-302,-175,916
1,531,132572,-2211,-16054,-3490,-297,-187,919
1,532,132577,-2309,-16078,-3822,-293,-203,921
1,533,132582,-2099,-16126,-4050,-298,-176,923
1,534,132587,-1895,-16158,-4126,-299,-122,919
1,535,132592,-1922,-16257,-4396,-301,-72,915
1,536,132597,-2296,-16409,-4149,-305,-21,909
1,537,132602,-2534,-16366,-4215,-307,14,903
1,538,132607,-2319,-16263,-4202,-310,69,899
1,539,132612,-2062,-16308,-4288,-312,131,895
1,540,132617,-1942,-16231,-4237,-321,193,886
1,541,132622,-2068,-16110,-3737,-321,207,878
1,542,132627,-2110,-16080,-3734,-314,167,875
1,543,132632,-2009,-16017,-3600,-315,145,874
1,544,132637,-1970,-15922,-3429,-311,121,871
1,545,132642,-1903,-15891,-3466,-304,80,866
1,546,132647,-1988,-15805,-3541,-303,17,864
1,547,132652,-2060,-15695,-3345,-303,-54,858
1,548,132657,-1992,-15633,-3768,-292,-124,855
1,549,132662,-2163,-15620,-3734,-284,-161,850
1,550,132667,-2299,-15583,-4230,-273,-196,845
1,551,132672,-2458,-15493,-4441,-271,-211,833
1,552,132677,-2673,-15396,-4463,-266,-225,827
1,553,132682,-2745,-15387,-4799,-254,-227,817
1,554,132687,-2862,-15295,-4796,-251,-197,803
1,555,132692,-3100,-15335,-4727,-251,-165,787
1,556,132697,-3421,-15402,-4786,-247,-147,774
1,557,132702,-3561,-15421,-4653,-242,-136,762
1,558,132707,-3425,-15423,-4907,-234,-124,745
1,559,132712,-3402,-15469,-4835,-232,-80,722
1,560,132717,-3556,-15507,-4782,-229,-40,702
1,561,132722,-3741,-15479,-4774,-223,-17,685
1,562,132727,-3581,-15398,-4726,-220,2,666
1,563,132732,-3329,-15445,-4744,-217,23,649
1,564,132737,-3353,-15354,-4145,-213,44,625
1,565,132742,-3580,-15287,-4353,-202,14,604
1,566,132747,-3684,-15141,-4220,-201,-9,584
1,567,132752,-3485,-15052,-4063,-190,-48,570
1,568,132757,-3314,-15015,-4460,-180,-94,553
1,569,132762,-3329,-14977,-4211,-179,-114,529
1,570,132767,-3470,-14928,-4205,-167,-162,508
1,571,132772,-3605,-14884,-4640,-155,-208,490
1,572,132777,-3653,-14890,-4668,-142,-225,475
1,573,132782,-3598,-14863,-4928,-135,-238,452
1,574,132787,-3701,-14816,-5023,-129,-229,425
1,575,132792,-3914,-14850,-5066,-125,-206,398
1,576,132797,-4124,-14864,-5093,-122,-175,373
1,577,132802,-4147,-14940,-5169,-116,-145,354
1,578,132807,-4010,-14966,-5135,-112,-100,330
1,579,132812,-4044,-14960,-4899,-110,-55,302
1,580,132817,-4180,-14881,-4833,-104,-25,271
1,581,132822,-4135,-14818,-4799,-98,0,247
1,582,132827,-3762,-14710,-4619,-85,17,199
1,583,132832,-3771,-14707,-4402,-82,4,169
1,584,132837,-3818,-14631,-4411,-71,-29,143
1,585,132842,-3841,-14568,-4575,-62,-63,121
1,586,132847,-3754,-14570,-4542,-55,-82,99
1,587,132852,-3650,-14635,-4595,-42,-105,74
1,588,132857,-3631,-14709,-4664,-38,-122,46
1,589,132862,-3665,-14655,-4769,-29,-136,23
1,590,132867,-3699,-14656,-4871,-17,-139,3
1,591,132872,-3643,-14635,-5089,-8,-132,-25
1,592,132877,-3604,-14659,-5139,-3,-116,-51
1,593,132882,-3779,-14633,-4886,-2,-102,-78
1,594,132887,-4006,-14609,-4826,7,-98,-105
1,595,132892,-4017,-14596,-5077,19,-86,-132
1,596,132897,-3829,-14699,-5215,28,-51,-158
1,597,132902,-3698,-14749,-5279,28,-9,-187
1,598,132907,-3585,-14693,-5066,32,24,-216
1,599,132912,-3550,-14559,-4845,43,41,-244
1,600,132917,-3417,-14468,-4974,58,43,-268
1,601,132939,-3250,-14562,-4380,97,-51,-364
1,602,132940,-3250,-14562,-4380,97,-51,-364
1,603,132941,-3253,-14692,-4486,109,-90,-387
1,604,132942,-3253,-14692,-4486,109,-90,-387
1,605,132943,-3253,-14692,-4486,109,-90,-387
1,606,132947,-3206,-14778,-4562,122,-124,-410
1,607,132952,-3119,-14844,-4719,132,-144,-437
1,608,132957,-3079,-14930,-4823,138,-148,-460
1,609,132962,-3153,-14982,-4750,145,-133,-485
1,610,132967,-3250,-15138,-4956,156,-115,-512
1,611,132972,-3293,-15232,-4732,159,-85,-536
1,612,132977,-3107,-15309,-4839,165,-63,-558
1,613,132982,-3045,-15423,-4587,170,-21,-586
1,614,132987,-3123,-15405,-4466,180,-4,-613
1,615,132992,-3155,-15375,-4745,187,3,-642
1,616,132997,-3102,-15336,-4644,195,25,-668
1,617,133002,-2844,-15306,-4683,200,37,-688
1,618,133007,-2621,-15262,-4583,209,55,-711
1,619,133012,-2534,-15290,-4347,217,60,-736
1,620,133017,-2556,-15315,-4047,227,47,-763
1,621,133022,-2538,-15387,-4065,243,17,-780
1,622,133027,-2351,-15525,-4030,245,-4,-798
1,623,133032,-2182,-15614,-3832,250,-20,-820
1,624,133037,-2162,-15777,-3795,257,-38,-841
1,625,133042,-2334,-15859,-3684,269,-58,-861
1,626,133047,-2376,-15840,-4102,280,-79,-882
1,627,133052,-2174,-15813,-4281,280,-70,-901
1,628,133057,-1971,-15854,-4226,284,-48,-920
1,629,133062,-1881,-15905,-4071,285,-25,-942
1,630,133067,-1720,-15960,-4805,279,-7,-965
1,631,133072,-1983,-16081,-4481,281,75,-984
1,632,133077,-1998,-15984,-3842,280,119,-1004
1,633,133082,-1644,-15849,-4204,291,96,-1023
1,634,133087,-1603,-15861,-4439,306,122,-1037
1,635,133092,-1696,-15793,-3751,302,165,-1064
1,636,133097,-1878,-15802,-3488,320,124,-1073
1,637,133102,-1655,-15872,-3965,329,107,-1084
1,638,133107,-1141,-15885,-4062,324,130,-1102
1,639,133112,-1094,-15928,-3816,306,232,-1128
1,640,133117,-1210,-15845,-3464,298,255,-1148
1,641,133122,-1211,-15771,-3540,311,214,-1156
1,642,133127,-654,-15713,-4203,322,237,-1174
1,643,133132,-406,-15620,-3868,329,346,-1198
1,644,133137,-605,-15700,-3480,336,407,-1211
1,645,133142,-901,-15852,-3498,342,400,-1209
1,646,133147,-726,-15805,-3590,345,403,-1214
1,647,133152,-538,-16071,-3420,340,444,-1217
1,648,133157,-497,-16279,-3119,339,478,-1225
1,649,133162,-661,-16523,-3315,349,484,-1226
1,650,133167,-683,-16563,-3103,350,510,-1233
1,651,133172,-607,-16445,-3799,357,509,-1238
1,652,133177,-350,-16512,-3581,332,566,-1248
1,653,133182,-336,-16488,-3176,314,620,-1256
1,654,133187,-209,-16574,-3026,318,623,-1259
1,655,133192,-735,-16896,-3042,360,592,-1276
1,656,133197,-1158,-17161,-3292,381,562,-1285
1,657,133202,-854,-17310,-3106,391,558,-1296
1,658,133207,-380,-17441,-2983,400,555,-1302
1,659,133212,-328,-17608,-3148,410,560,-1308
1,660,133217,-640,-17578,-2985,411,574,-1320
1,661,133222,-497,-17455,-3063,413,562,-1322
1,662,133227,-141,-17423,-3004,412,566,-1320
1,663,133232,52,-17481,-2246,407,588,-1333
1,664,133237,-136,-17519,-2501,425,567,-1337
1,665,133242,-339,-17463,-2759,435,539,-1347
1,666,133247,-354,-17281,-2375,438,529,-1355
1,667,133252,-210,-17361,-2480,444,451,-1355
1,668,133257,193,-17365,-2778,450,359,-1359
1,669,133262,105,-17471,-3272,458,340,-1366
1,670,133267,-522,-17635,-3261,443,370,-1370
1,671,133272,-868,-17609,-2576,435,343,-1366
1,672,133277,-698,-17707,-3460,442,268,-1360
1,673,133282,-369,-17662,-3487,447,276,-1358
1,674,133287,-306,-17609,-3843,438,271,-1369
1,675,133292,-439,-17500,-3544,428,294,-1380
1,676,133297,-766,-17430,-3485,413,318,-1370
1,677,133302,-317,-17528,-3205,386,333,-1355
1,678,133307,949,-17519,-3412,378,329,-1355
1,679,133312,1415,-17529,-3083,403,339,-1372
1,680,133317,893,-17450,-2750,425,359,-1384
1,681,133322,303,-17176,-2941,444,348,-1385
1,682,133327,647,-16681,-3071,424,345,-1368
1,683,133332,1618,-16319,-2388,321,398,-1338
1,684,133337,1609,-17152,-2907,241,436,-1321
1,685,133342,1418,-16739,-2777,411,310,-1358
1,686,133347,1059,-16492,-2320,492,203,-1367
1,687,133352,1222,-16523,-2689,492,104,-1350
1,688,133357,2170,-16248,-3320,498,62,-1340
1,689,133362,11199,-8185,5006,415,133,-1360
1,690,133367,-10972,-11914,32767,-2,-265,-1466
1,691,133372,-32768,-21126,31515,431,-5674,-1004
1,692,133377,-9928,-15816,-19289,1269,-12552,334
1,693,133382,32767,-16319,-32768,727,-10663,708
1,694,133387,24423,-18927,-18732,-976,-2230,-230
1,695,133392,-16730,-16635,8962,-851,140,-470
1,696,133397,-27783,-15807,-18306,188,-33,180
1,697,133402,-16866,-15419,-32768,97,2738,504
1,698,133407,-1535,-15124,-4052,-650,5088,505
1,699,133412,10996,-16848,16285,-785,3757,450
1,700,133417,10926,-17168,2430,-456,1771,322
1,701,133422,-1345,-16315,-13073,-150,2160,199
1,702,133427,-10547,-16333,-11273,-244,3601,244
1,703,133432,-3788,-16313,-1716,-534,3761,383
1,704,133437,5988,-16321,13612,-663,2847,404
1,705,133442,7117,-17577,21830,-503,1502,311
1,706,133447,1900,-16966,8689,-245,195,217
1,707,133452,-1939,-15827,-4684,-78,-411,268
1,708,133457,410,-15764,-3218,-161,-672,368
1,709,133462,5464,-16138,-2028,-252,-1049,427
1,710,133467,8696,-16281,-312,-309,-1342,378
1,711,133472,6320,-16395,-6719,-189,-1262,363
1,712,133477,1331,-16026,-7504,-153,-591,331
1,713,133482,-808,-15809,-9267,-195,-241,366
1,714,133487,2094,-15683,-8811,-287,-32,417
1,715,133492,4920,-16085,-2358,-357,201,414
1,716,133497,4404,-16476,1140,-350,223,362
1,717,133502,1479,-16621,-1678,-265,165,332
1,718,133507,-448,-16328,-4727,-229,146,348
1,719,133512,747,-16386,-4560,-271,74,384
1,720,133517,2863,-16417,-995,-311,0,396
1,721,133522,4056,-16860,-223,-296,-149,379
1,722,133527,2540,-16904,-1950,-234,-158,354
1,723,133532,944,-16741,-4599,-201,-143,357
1,724,133537,972,-16598,-5714,-209,-119,378
1,725,133542,2441,-16467,-4004,-247,-90,388
1,726,133547,3372,-16763,-1488,-250,-10,384
1,727,133552,3004,-16774,-1780,-213,-16,366
1,728,133557,1508,-16806,-3158,-175,9,364
1,729,133562,2032,-16531,-2957,-205,37,385
1,730,133567,3365,-16561,-1190,-209,23,391
1,731,133572,3589,-16687,-1368,-180,-22,383
1,732,133577,2605,-16660,-2242,-153,-47,374
1,733,133582,1803,-16363,-3072,-142,-83,381
1,734,133587,2117,-16183,-2670,-152,-112,398
1,735,133592,2996,-16212,-1803,-148,-129,413
1,736,133597,3197,-16221,-1283,-132,-135,409
1,737,133602,2688,-16161,-2236,-112,-167,399
1,738,133607,1866,-16109,-3142,-105,-189,398
1,739,133612,1652,-15980,-2874,-116,-194,404
1,740,133617,2154,-15836,-2616,-119,-198,415
1,741,133622,2663,-15803,-2450,-108,-167,414
1,742,133627,2423,-15760,-2757,-99,-126,405
1,743,133632,1854,-15666,-3394,-85,-115,401
1,744,133637,1560,-15415,-3573,-85,-117,399
1,745,133642,1697,-15243,-3149,-91,-105,401
1,746,133647,1928,-15365,-2895,-84,-83,405
1,747,133652,1916,-15452,-2833,-76,-55,397
1,748,133657,1634,-15478,-3185,-62,-53,389
1,749,133662,1390,-15419,-3620,-51,-68,388
1,750,133667,1392,-15367,-3753,-49,-64,385
1,751,133672,1550,-15419,-3352,-50,-27,381
1,752,133677,1713,-15551,-3478,-42,5,375
1,753,133682,1629,-15529,-3641,-38,50,366
1,754,133687,1418,-15452,-3656,-35,82,358
1,755,133692,1380,-15389,-3498,-29,93,356
1,756,133697,1500,-15400,-3291,-22,93,352
1,757,133702,1587,-15398,-3354,-16,94,349
1,758,133707,1521,-15419,-3243,-12,109,339
1,759,133712,1419,-15417,-3255,-7,103,334
1,760,133717,1402,-15471,-3285,1,81,332
1,761,133722,1498,-15511,-3318,7,63,325
1,762,133727,1565,-15576,-3225,14,62,320
1,763,133732,1459,-15640,-3237,21,59,314
1,764,133737,1309,-15741,-3681,28,51,306
1,765,133742,1215,-15730,-3662,28,66,296
1,766,133747,1314,-15678,-3802,31,76,290
1,767,133752,1342,-15673,-3856,39,99,286
1,768,133757,1337,-15689,-3801,42,134,275
1,769,133762,1266,-15696,-3726,42,159,265
1,770,133767,1226,-15700,-3689,44,172,260
1,771,133772,1201,-15736,-3392,43,183,253
1,772,133777,1167,-15758,-3106,49,172,244
1,773,133782,1136,-15803,-3099,57,145,240
1,774,133787,1074,-15856,-3108,62,119,230
1,775,133792,1096,-15781,-3258,68,92,224
1,776,133797,1151,-15768,-3399,72,73,215
1,777,133802,1155,-15824,-3485,77,58,208
1,778,133807,1174,-15904,-3682,80,50,200
1,779,133812,1203,-15932,-3658,84,61,192
1,780,133817,1142,-15917,-3757,87,70,186
1,781,133822,1085,-16025,-3797,90,83,178
1,782,133827,1015,-16144,-3779,88,101,168
1,783,133832,1054,-16109,-3666,88,118,158
1,784,133837,1152,-16001,-3544,90,140,151
1,785,133842,1241,-15954,-3505,88,158,144
1,786,133847,1211,-16020,-3449,93,161,135
1,787,133852,1157,-16084,-3315,97,142,128
1,788,133857,1135,-16044,-3082,98,116,120
1,789,133862,1231,-16094,-3049,104,90,115
1,790,133867,1313,-16165,-3106,108,68,109
1,791,133872,1280,-16306,-3149,108,47,104
1,792,133877,1213,-16375,-3186,110,25,97
1,793,133882,1144,-16430,-3203,111,6,88
1,794,133887,1159,-16487,-3289,113,-3,82
1,795,133892,1194,-16466,-3521,115,9,77
1,796,133897,1196,-16436,-3696,113,33,68
1,797,133902,1158,-16392,-3766,114,59,61
1,798,133907,1226,-16312,-3669,112,79,54
1,799,133912,1293,-16263,-3567,111,103,47
1,800,133917,1225,-16232,-3432,110,127,40
1,801,133922,1167,-16225,-3313,111,139,36
1,802,133927,1127,-16206,-3239,112,140,28
1,803,133932,1312,-16136,-3082,110,117,15
1,804,133937,1386,-16108,-3032,113,105,9
1,805,133942,1386,-16104,-3111,115,92,2
1,806,133947,1343,-16120,-3137,115,71,-4
1,807,133952,1285,-16096,-3095,114,51,-7
1,808,133957,1238,-16141,-3057,115,40,-10
1,809,133962,1291,-16185,-3181,115,34,-18
1,810,133967,1309,-16236,-3347,113,37,-24
1,811,133972,1249,-16141,-3191,110,45,-32
1,812,133977,1213,-16128,-3437,113,40,-38
1,813,133982,1135,-16107,-3350,111,49,-41
1,814,133987,1196,-16079,-3373,108,57,-46
1,815,133992,1208,-16041,-3312,109,72,-54
1,816,133997,1194,-16034,-3278,108,77,-61
1,817,134002,1150,-16004,-3206,105,75,-67
1,818,134007,1111,-15998,-3221,104,64,-71
1,819,134012,1181,-15988,-3292,106,61,-75
1,820,134017,1267,-15937,-3310,104,66,-81
1,821,134022,1339,-15885,-3231,102,66,-86
1,822,134027,1323,-15895,-3180,104,63,-93
1,823,134032,1279,-15942,-3068,103,56,-98
1,824,134037,1265,-15979,-3041,99,42,-97
1,825,134042,1300,-16067,-2974,99,27,-106
1,826,134047,1257,-16103,-2984,101,19,-109
1,827,134052,1249,-16125,-2993,100,13,-112
1,828,134057,1220,-16109,-3087,96,8,-116
1,829,134062,1255,-16104,-3159,93,14,-120
1,830,134067,1321,-16093,-3176,94,26,-120
1,831,134072,1324,-16094,-3087,91,41,-128
1,832,134077,1272,-16172,-2984,89,47,-129
1,833,134082,1255,-16209,-2980,89,45,-134
1,834,134087,1259,-16198,-2939,87,45,-137
1,835,134092,1278,-16145,-2925,82,47,-141
1,836,134097,1333,-16143,-2852,80,50,-141
1,837,134102,1330,-16175,-2864,83,46,-144
1,838,134107,1405,-16163,-2867,81,35,-147
1,839,134112,1479,-16215,-2869,80,22,-147
1,840,134117,1487,-16162,-2776,77,15,-147
1,841,134122,1424,-16171,-2741,80,6,-148
1,842,134127,1418,-16186,-2810,78,-2,-151
1,843,134132,1458,-16241,-2859,77,-8,-150
1,844,134137,1506,-16266,-2808,71,-18,-149
1,845,134142,1479,-16287,-2790,72,-27,-150
1,846,134147,1401,-16258,-2865,70,-36,-153
1,847,134152,1323,-16278,-2946,68,-38,-153
1,848,134157,1305,-16255,-3071,69,-38,-153
1,849,134162,1320,-16195,-3095,66,-29,-154
1,850,134167,1296,-16229,-3072,63,-18,-153
1,851,134172,1251,-16216,-3111,62,-9,-154
1,852,134177,1285,-16133,-3212,59,3,-155
1,853,134182,1258,-16128,-3268,56,20,-158
1,854,134187,1208,-16120,-3291,56,39,-159
1,855,134192,1201,-16127,-3183,54,60,-159
1,856,134197,1200,-16136,-3078,53,76,-159
1,857,134202,1254,-16118,-3067,51,87,-161
1,858,134207,1307,-16115,-3021,51,92,-159
1,859,134212,1348,-16115,-2904,49,96,-161
1,860,134217,1353,-16086,-2868,48,86,-161
1,861,134222,1304,-16050,-2765,48,69,-160
1,862,134227,1304,-16101,-2720,49,48,-159
1,863,134232,1287,-16125,-2801,52,24,-154
1,864,134237,1322,-16097,-2818,51,5,-156
1,865,134242,1389,-16057,-2781,51,-10,-158
1,866,134247,1381,-16054,-2799,53,-23,-155
1,867,134252,1376,-16040,-2879,55,-38,-149
1,868,134257,1434,-16059,-2897,57,-45,-148
1,869,134262,1392,-16063,-2853,54,-49,-148
1,870,134267,1365,-16069,-2922,51,-52,-146
1,871,134272,1356,-16108,-3032,54,-51,-145
1,872,134277,1398,-16088,-3031,55,-40,-142
1,873,134282,1440,-16051,-3055,50,-29,-139
1,874,134287,1511,-16058,-3091,49,-10,-140
1,875,134292,1545,-16022,-3090,50,5,-139
1,876,134297,1443,-16063,-3039,50,18,-136
1,877,134302,1384,-16181,-2824,45,32,-131
1,878,134307,1449,-16162,-2832,44,40,-128
1,879,134312,1529,-16160,-2836,46,47,-125
1,880,134317,1593,-16133,-2846,46,48,-119
1,881,134322,1570,-16100,-2712,44,40,-119
1,882,134327,1602,-16165,-2674,47,25,-115
1,883,134332,1653,-16201,-2676,50,12,-109
1,884,134337,1693,-16239,-2539,50,11,-106
1,885,134342,1775,-16310,-2627,52,-3,-99
1,886,134347,1756,-16319,-2605,51,-14,-97
1,887,134352,1817,-16302,-2563,49,-29,-95
1,888,134357,1789,-16217,-2540,48,-39,-91
1,889,134362,1794,-16164,-2580,49,-38,-84
1,890,134367,1805,-16185,-2609,49,-41,-80
1,891,134372,1737,-16135,-2605,48,-52,-75
1,892,134377,1675,-16157,-2690,48,-68,-70
1,893,134382,1637,-16085,-2812,47,-63,-65
1,894,134387,1634,-16154,-2657,45,-51,-64
1,895,134392,1664,-16242,-2785,46,-51,-63
1,896,134397,1679,-16260,-2958,46,-52,-56
1,897,134402,1579,-16274,-2767,41,-35,-53
1,898,134407,1541,-16250,-2744,39,-27,-52
1,899,134412,1548,-16224,-2756,42,-9,-48
1,900,134417,1552,-16204,-2606,42,5,-44
1,901,134422,1546,-16183,-2585,38,0,-44
1,902,134427,1503,-16199,-2465,35,-14,-41
1,903,134432,1509,-16223,-2408,35,-31,-40
1,904,134437,1557,-16209,-2435,35,-39,-38
1,905,134442,1669,-16205,-2458,33,-45,-32
1,906,134447,1651,-16199,-2495,35,-60,-29
1,907,134452,1628,-16263,-2686,39,-80,-26
1,908,134457,1508,-16326,-2616,31,-70,-24
1,909,134462,1462,-16306,-2490,28,-69,-26
1,910,134467,1513,-16237,-2727,26,-77,-23
1,911,134472,1484,-16189,-2871,27,-65,-19
1,912,134477,1477,-16163,-2843,25,-52,-18
1,913,134482,1328,-16197,-2839,23,-50,-16
1,914,134487,1342,-16217,-2851,25,-48,-13
1,915,134492,1403,-16199,-2991,24,-27,-13
1,916,134497,1291,-16213,-2650,23,1,-14
1,917,134502,1344,-16053,-2724,24,-17,-16
1,918,134507,1403,-15996,-2977,23,-25,-12
1,919,134512,1381,-15958,-2766,19,-16,-12
1,920,134517,1337,-15996,-2687,16,-27,-13
1,921,134522,1400,-16073,-2871,17,-34,-11
1,922,134527,1491,-15995,-2800,15,-23,-10
1,923,134532,1464,-15959,-2811,12,-15,-8
1,924,134537,1475,-15920,-2925,14,-9,-5
1,925,134542,1432,-15947,-2967,15,-11,-4
1,926,134547,1425,-15979,-2960,12,-10,-3
1,927,134552,1411,-16021,-2888,10,-4,-3
1,928,134557,1449,-16029,-2838,11,0,0
1,929,134562,1471,-16023,-2936,13,5,0
1,930,134567,1499,-16068,-3008,10,6,2
1,931,134572,1397,-16064,-2749,8,10,3
1,932,134577,1453,-16010,-2714,6,-16,6
1,933,134582,1465,-16066,-3036,9,-15,4
1,934,134587,1386,-16116,-2745,5,7,5
1,935,134592,1412,-16144,-2819,4,-6,7
1,936,134597,1525,-16107,-2955,4,-1,8
1,937,134602,1608,-16071,-2834,1,12,7
1,938,134607,1683,-16084,-2795,2,20,10
1,939,134612,1701,-16072,-2833,-1,24,10
1,940,134617,1601,-16113,-2674,-3,20,11
1,941,134622,1581,-16112,-2578,-2,9,14
1,942,134627,1646,-16068,-2573,-5,-2,18
1,943,134632,1654,-16119,-2563,-6,-8,18
1,944,134637,1586,-16179,-2562,-6,-21,23
1,945,134642,1610,-16175,-2714,-5,-37,26
1,946,134647,1622,-16213,-2745,-7,-45,25
1,947,134652,1636,-16245,-2767,-12,-47,26
1,948,134657,1679,-16231,-2797,-15,-33,27
1,949,134662,1629,-16195,-2809,-14,-20,24
1,950,134667,1573,-16187,-2773,-17,-9,29
1,951,134672,1521,-16109,-2691,-15,-10,30
1,952,134677,1546,-16064,-2729,-19,-16,32
1,953,134682,1598,-16050,-2766,-20,-19,30
1,954,134687,1659,-16016,-2833,-22,-23,34
1,955,134692,1698,-15914,-2849,-21,-24,34
1,956,134697,1685,-15852,-2887,-21,-27,37
1,957,134702,1681,-15821,-2895,-20,-28,39
1,958,134707,1626,-15821,-2869,-22,-27,40
1,959,134712,1555,-15806,-2876,-22,-29,38
1,960,134717,1647,-15782,-2824,-24,-32,40
1,961,134722,1636,-15776,-2782,-22,-35,45
1,962,134727,1662,-15780,-2844,-21,-34,46
1,963,134732,1584,-15816,-2870,-20,-32,45
1,964,134737,1518,-15877,-2780,-22,-33,41
1,965,134742,1486,-15927,-2767,-25,-35,42
1,966,134747,1487,-15946,-2764,-24,-32,44
1,967,134752,1556,-15964,-2789,-24,-31,47
1,968,134757,1547,-16035,-2757,-24,-28,46
1,969,134762,1532,-16073,-2763,-26,-27,44
1,970,134767,1518,-16074,-2703,-29,-26,44
1,971,134772,1507,-16087,-2747,-28,-23,46
1,972,134777,1517,-16087,-2800,-26,-22,46
1,973,134782,1480,-16093,-2748,-31,-23,45
1,974,134787,1442,-16163,-2779,-34,-21,45
1,975,134792,1485,-16115,-2835,-30,-21,44
1,976,134797,1535,-16104,-2863,-29,-14,46
1,977,134802,1561,-16138,-2914,-30,-2,43
1,978,134807,1469,-16184,-2869,-33,5,44
1,979,134812,1406,-16212,-2756,-31,11,40
1,980,134817,1468,-16236,-2820,-33,20,41
1,981,134822,1458,-16288,-2893,-29,65,42
1,982,134827,1448,-16332,-2067,-37,77,44
1,983,134832,1592,-16354,-2599,-33,23,40
1,984,134837,1699,-16352,-2739,-31,14,39
1,985,134842,1526,-16328,-2405,-33,21,41
1,986,134847,1469,-16377,-2507,-34,11,38
1,987,134852,1494,-16334,-2621,-34,3,38
1,988,134857,1554,-16317,-2366,-35,-3,40
1,989,134862,1609,-16307,-2601,-36,-33,39
1,990,134867,1553,-16307,-2766,-34,-44,38
1,991,134872,1410,-16327,-2645,-34,-42,38
1,992,134877,1444,-16320,-2681,-37,-50,39
1,993,134882,1506,-16299,-2828,-35,-52,37
1,994,134887,1538,-16341,-2848,-33,-43,37
1,995,134892,1476,-16357,-2769,-32,-39,35
1,996,134897,1411,-16371,-2850,-34,-37,34
1,997,134902,1353,-16376,-2776,-34,-35,36
1,998,134907,1370,-16345,-2829,-33,-34,35
1,999,134912,1414,-16297,-2918,-31,-28,34
